# variant number, timestamp, time elapse, status, fitness, percentage, edit
-1,2023-08-04 14:44:49,48,INITIAL SUCCESS,65346242724,100,0
0-1,2023-08-04 14:44:49,48,SUCCESS,65346242724,100.0,0
0-2,2023-08-04 14:44:49,48,SUCCESS,65346242724,100.0,0
0-3,2023-08-04 14:45:38,97,RUN_TIMEOUT,None,None,None
0-4,2023-08-04 14:46:28,147,RUN_TIMEOUT,None,None,None
0-5,2023-08-04 14:47:14,193,SUCCESS,75055222581,114.86,2
0-6,2023-08-04 14:48:03,242,RUN_TIMEOUT,None,None,None
0-7,2023-08-04 14:48:48,287,SUCCESS,69409962214,106.22,5
0-8,2023-08-04 14:48:49,288,SUCCESS,65346242724,100.0,0
0-9,2023-08-04 14:49:27,326,SUCCESS,61678124863,94.39,3
0-10,2023-08-04 14:50:09,368,SUCCESS,65316996852,99.96,2
1-1,2023-08-04 14:50:09,368,SUCCESS,61678124863,94.39,3
1-2,2023-08-04 14:50:09,368,SUCCESS,65316996852,99.96,2
1-3,2023-08-04 14:50:09,368,SUCCESS,61678124863,94.39,3
1-4,2023-08-04 14:50:09,368,SUCCESS,65346242724,100.0,0
1-5,2023-08-04 14:50:09,368,SUCCESS,61678124863,94.39,3
1-6,2023-08-04 14:50:09,368,SUCCESS,61678124863,94.39,3
1-7,2023-08-04 14:50:09,368,SUCCESS,65316996852,99.96,2
1-8,2023-08-04 14:50:09,368,SUCCESS,65346242724,100.0,0
1-9,2023-08-04 14:50:10,369,SUCCESS,61678124863,94.39,3
1-10,2023-08-04 14:50:10,369,SUCCESS,61678124863,94.39,3
2-1,2023-08-04 14:50:10,369,SUCCESS,61678124863,94.39,3
2-2,2023-08-04 14:50:10,369,SUCCESS,61678124863,94.39,3
2-3,2023-08-04 14:50:10,369,SUCCESS,61678124863,94.39,3
2-4,2023-08-04 14:50:10,369,SUCCESS,61678124863,94.39,3
2-5,2023-08-04 14:50:10,369,SUCCESS,61678124863,94.39,3
2-6,2023-08-04 14:50:10,369,SUCCESS,61678124863,94.39,3
2-7,2023-08-04 14:50:10,369,SUCCESS,61678124863,94.39,3
2-8,2023-08-04 14:50:10,369,SUCCESS,61678124863,94.39,3
2-9,2023-08-04 14:50:10,369,SUCCESS,61678124863,94.39,3
2-10,2023-08-04 14:50:10,369,SUCCESS,61678124863,94.39,3
3-1,2023-08-04 14:50:10,369,SUCCESS,61678124863,94.39,3
3-2,2023-08-04 14:50:10,369,SUCCESS,61678124863,94.39,3
3-3,2023-08-04 14:50:10,369,SUCCESS,61678124863,94.39,3
3-4,2023-08-04 14:50:51,410,SUCCESS,61649367140,94.34,4
3-5,2023-08-04 14:50:51,410,SUCCESS,61678124863,94.39,3
3-6,2023-08-04 14:50:51,410,SUCCESS,61678124863,94.39,3
3-7,2023-08-04 14:50:51,410,SUCCESS,61678124863,94.39,3
3-8,2023-08-04 14:50:51,410,SUCCESS,61678124863,94.39,3
3-9,2023-08-04 14:50:51,410,SUCCESS,61678124863,94.39,3
3-10,2023-08-04 14:50:51,410,SUCCESS,61678124863,94.39,3
4-1,2023-08-04 14:50:51,410,SUCCESS,61678124863,94.39,4
4-2,2023-08-04 14:50:51,410,SUCCESS,61649367140,94.34,4
4-3,2023-08-04 14:51:40,459,RUN_TIMEOUT,None,None,None
4-4,2023-08-04 14:51:40,459,SUCCESS,61649367140,94.34,4
4-5,2023-08-04 14:51:40,459,SUCCESS,61649367140,94.34,4
4-6,2023-08-04 14:51:40,459,SUCCESS,61678124863,94.39,4
4-7,2023-08-04 14:51:40,459,SUCCESS,61678124863,94.39,3
4-8,2023-08-04 14:51:40,459,SUCCESS,61678124863,94.39,3
4-9,2023-08-04 14:51:40,459,SUCCESS,61678124863,94.39,3
4-10,2023-08-04 14:51:40,459,SUCCESS,61678124863,94.39,3
5-1,2023-08-04 14:51:40,459,SUCCESS,61649367140,94.34,4
5-2,2023-08-04 14:51:40,459,SUCCESS,61649367140,94.34,4
5-3,2023-08-04 14:51:40,459,SUCCESS,61649367140,94.34,4
5-4,2023-08-04 14:51:40,459,SUCCESS,61649367140,94.34,4
5-5,2023-08-04 14:52:24,503,SUCCESS,68275258606,104.48,5
5-6,2023-08-04 14:52:24,503,SUCCESS,61649367140,94.34,4
5-7,2023-08-04 14:52:24,503,SUCCESS,61649367140,94.34,3
5-8,2023-08-04 14:52:24,503,SUCCESS,61678124863,94.39,4
5-9,2023-08-04 14:53:13,552,RUN_TIMEOUT,None,None,None
5-10,2023-08-04 14:53:13,552,SUCCESS,61649367140,94.34,4
6-1,2023-08-04 14:53:13,552,SUCCESS,61649367140,94.34,4
6-2,2023-08-04 14:53:13,552,SUCCESS,61649367140,94.34,4
6-3,2023-08-04 14:53:13,552,SUCCESS,61649367140,94.34,4
6-4,2023-08-04 14:53:13,552,SUCCESS,61649367140,94.34,4
6-5,2023-08-04 14:53:13,552,SUCCESS,61649367140,94.34,4
6-6,2023-08-04 14:53:13,552,SUCCESS,61649367140,94.34,4
6-7,2023-08-04 14:53:13,552,SUCCESS,61649367140,94.34,4
6-8,2023-08-04 14:54:02,601,RUN_TIMEOUT,None,None,None
6-9,2023-08-04 14:54:02,601,SUCCESS,61649367140,94.34,4
6-10,2023-08-04 14:54:02,601,SUCCESS,61649367140,94.34,4
7-1,2023-08-04 14:54:42,641,SUCCESS,61665000030,94.37,5
7-2,2023-08-04 14:54:42,641,SUCCESS,61649367140,94.34,4
7-3,2023-08-04 14:54:42,641,SUCCESS,61649367140,94.34,4
7-4,2023-08-04 14:54:42,641,SUCCESS,61649367140,94.34,4
7-5,2023-08-04 14:55:24,683,SUCCESS,66413347851,101.63,4
7-6,2023-08-04 14:55:24,683,SUCCESS,61649367140,94.34,4
7-7,2023-08-04 14:55:24,683,SUCCESS,61649367140,94.34,4
7-8,2023-08-04 14:56:07,726,SUCCESS,66457133887,101.7,5
7-9,2023-08-04 14:56:56,775,RUN_TIMEOUT,None,None,None
7-10,2023-08-04 14:56:56,775,SUCCESS,61649367140,94.34,4
8-1,2023-08-04 14:57:38,817,SUCCESS,67340151962,103.05,7
8-2,2023-08-04 14:57:38,817,SUCCESS,61649367140,94.34,4
8-3,2023-08-04 14:57:38,817,SUCCESS,61649367140,94.34,4
8-4,2023-08-04 14:57:38,817,SUCCESS,61649367140,94.34,4
8-5,2023-08-04 14:57:38,817,SUCCESS,61649367140,94.34,4
8-6,2023-08-04 14:57:38,817,SUCCESS,61649367140,94.34,4
8-7,2023-08-04 14:57:38,817,SUCCESS,61649367140,94.34,4
8-8,2023-08-04 14:57:38,817,SUCCESS,61649367140,94.34,4
8-9,2023-08-04 14:57:38,817,SUCCESS,61649367140,94.34,4
8-10,2023-08-04 14:57:38,817,SUCCESS,61649367140,94.34,4
9-1,2023-08-04 14:58:28,867,RUN_TIMEOUT,None,None,None
9-2,2023-08-04 14:58:28,867,SUCCESS,61649367140,94.34,4
9-3,2023-08-04 14:58:28,867,SUCCESS,61649367140,94.34,4
9-4,2023-08-04 14:58:28,867,SUCCESS,61649367140,94.34,4
9-5,2023-08-04 14:58:28,867,SUCCESS,61649367140,94.34,4
9-6,2023-08-04 14:58:28,867,SUCCESS,61649367140,94.34,4
9-7,2023-08-04 14:58:28,867,SUCCESS,61649367140,94.34,4
9-8,2023-08-04 14:58:28,867,SUCCESS,61649367140,94.34,4
9-9,2023-08-04 14:58:28,867,SUCCESS,61649367140,94.34,4
9-10,2023-08-04 14:58:28,867,SUCCESS,61649367140,94.34,4
10-1,2023-08-04 14:58:28,867,SUCCESS,61649367140,94.34,4
10-2,2023-08-04 14:58:28,867,SUCCESS,61649367140,94.34,4
10-3,2023-08-04 14:58:28,867,SUCCESS,61649367140,94.34,4
10-4,2023-08-04 14:58:28,867,SUCCESS,61649367140,94.34,4
10-5,2023-08-04 14:58:28,867,SUCCESS,61649367140,94.34,4
10-6,2023-08-04 14:58:28,867,SUCCESS,61649367140,94.34,4
10-7,2023-08-04 14:58:28,867,SUCCESS,61649367140,94.34,4
10-8,2023-08-04 14:58:28,867,SUCCESS,61649367140,94.34,4
10-9,2023-08-04 14:59:10,909,SUCCESS,66323950343,101.5,5
10-10,2023-08-04 14:59:10,909,SUCCESS,61649367140,94.34,4
11-1,2023-08-04 14:59:10,909,SUCCESS,61649367140,94.34,4
11-2,2023-08-04 14:59:10,909,SUCCESS,61649367140,94.34,4
11-3,2023-08-04 14:59:10,909,SUCCESS,61649367140,94.34,4
11-4,2023-08-04 14:59:10,909,SUCCESS,61649367140,94.34,4
11-5,2023-08-04 14:59:10,909,SUCCESS,61649367140,94.34,4
11-6,2023-08-04 14:59:58,957,SUCCESS,77781199015,119.03,7
11-7,2023-08-04 14:59:58,957,SUCCESS,61649367140,94.34,4
11-8,2023-08-04 14:59:58,957,SUCCESS,61649367140,94.34,4
11-9,2023-08-04 14:59:59,958,SUCCESS,61649367140,94.34,4
11-10,2023-08-04 14:59:59,958,SUCCESS,61649367140,94.34,4
12-1,2023-08-04 15:00:48,1007,RUN_TIMEOUT,None,None,None
12-2,2023-08-04 15:01:37,1056,SUCCESS,77751890457,118.98,7
12-3,2023-08-04 15:01:37,1056,SUCCESS,61649367140,94.34,4
12-4,2023-08-04 15:01:37,1056,SUCCESS,61649367140,94.34,4
12-5,2023-08-04 15:01:37,1056,SUCCESS,61649367140,94.34,4
12-6,2023-08-04 15:02:26,1105,RUN_TIMEOUT,None,None,None
12-7,2023-08-04 15:03:15,1154,RUN_TIMEOUT,None,None,None
12-8,2023-08-04 15:03:54,1193,SUCCESS,61649794099,94.34,6
12-9,2023-08-04 15:03:54,1193,SUCCESS,61649367140,94.34,4
12-10,2023-08-04 15:03:54,1193,SUCCESS,61649367140,94.34,4
13-1,2023-08-04 15:03:54,1193,SUCCESS,61649367140,94.34,4
13-2,2023-08-04 15:03:54,1193,SUCCESS,61649367140,94.34,4
13-3,2023-08-04 15:03:54,1193,SUCCESS,61649367140,94.34,4
13-4,2023-08-04 15:03:54,1193,SUCCESS,61649367140,94.34,4
13-5,2023-08-04 15:03:54,1193,SUCCESS,61649367140,94.34,4
13-6,2023-08-04 15:03:54,1193,SUCCESS,61649367140,94.34,4
13-7,2023-08-04 15:04:37,1236,SUCCESS,68127603728,104.26,7
13-8,2023-08-04 15:05:26,1285,RUN_TIMEOUT,None,None,None
13-9,2023-08-04 15:05:26,1285,SUCCESS,61649367140,94.34,4
13-10,2023-08-04 15:05:26,1285,SUCCESS,61649367140,94.34,4
14-1,2023-08-04 15:06:15,1334,RUN_TIMEOUT,None,None,None
14-2,2023-08-04 15:06:15,1334,SUCCESS,61649367140,94.34,4
14-3,2023-08-04 15:06:15,1334,SUCCESS,61649367140,94.34,4
14-4,2023-08-04 15:06:16,1335,SUCCESS,61649367140,94.34,4
14-5,2023-08-04 15:06:16,1335,SUCCESS,61649367140,94.34,4
14-6,2023-08-04 15:06:16,1335,SUCCESS,61649367140,94.34,4
14-7,2023-08-04 15:06:16,1335,SUCCESS,61649367140,94.34,4
14-8,2023-08-04 15:06:16,1335,SUCCESS,61649367140,94.34,4
14-9,2023-08-04 15:06:16,1335,SUCCESS,61649367140,94.34,4
14-10,2023-08-04 15:07:05,1384,RUN_TIMEOUT,None,None,None
15-1,2023-08-04 15:07:05,1384,SUCCESS,61649367140,94.34,4
15-2,2023-08-04 15:07:05,1384,SUCCESS,61649367140,94.34,4
15-3,2023-08-04 15:07:05,1384,SUCCESS,61649367140,94.34,4
15-4,2023-08-04 15:07:05,1384,SUCCESS,61649367140,94.34,4
15-5,2023-08-04 15:07:05,1384,SUCCESS,61649367140,94.34,4
15-6,2023-08-04 15:07:05,1384,SUCCESS,61649367140,94.34,4
15-7,2023-08-04 15:07:05,1384,SUCCESS,61649367140,94.34,4
15-8,2023-08-04 15:07:05,1384,SUCCESS,61649367140,94.34,4
15-9,2023-08-04 15:07:05,1384,SUCCESS,61649367140,94.34,4
15-10,2023-08-04 15:07:54,1433,RUN_TIMEOUT,None,None,None
16-1,2023-08-04 15:07:54,1433,SUCCESS,61649367140,94.34,4
16-2,2023-08-04 15:07:54,1433,SUCCESS,61649367140,94.34,4
16-3,2023-08-04 15:08:43,1482,RUN_TIMEOUT,None,None,None
16-4,2023-08-04 15:08:43,1482,SUCCESS,61649367140,94.34,4
16-5,2023-08-04 15:09:33,1532,RUN_TIMEOUT,None,None,None
16-6,2023-08-04 15:09:33,1532,SUCCESS,61649367140,94.34,4
16-7,2023-08-04 15:09:33,1532,SUCCESS,61649367140,94.34,4
16-8,2023-08-04 15:09:33,1532,SUCCESS,61649367140,94.34,4
16-9,2023-08-04 15:09:33,1532,SUCCESS,61649367140,94.34,4
16-10,2023-08-04 15:09:33,1532,SUCCESS,61649367140,94.34,4
17-1,2023-08-04 15:09:33,1532,SUCCESS,61649367140,94.34,4
17-2,2023-08-04 15:10:13,1572,SUCCESS,61391029523,93.95,6
17-3,2023-08-04 15:10:13,1572,SUCCESS,61649367140,94.34,4
17-4,2023-08-04 15:10:13,1572,SUCCESS,61649367140,94.34,4
17-5,2023-08-04 15:10:13,1572,SUCCESS,61649367140,94.34,4
17-6,2023-08-04 15:10:13,1572,SUCCESS,61649367140,94.34,4
17-7,2023-08-04 15:10:13,1572,SUCCESS,61649367140,94.34,4
17-8,2023-08-04 15:10:13,1572,SUCCESS,61649367140,94.34,4
17-9,2023-08-04 15:10:13,1572,SUCCESS,61649367140,94.34,4
17-10,2023-08-04 15:10:13,1572,SUCCESS,61649367140,94.34,4
18-1,2023-08-04 15:10:57,1616,SUCCESS,71169327621,108.91,7
18-2,2023-08-04 15:11:42,1661,SUCCESS,71197161966,108.95,4
18-3,2023-08-04 15:12:27,1706,SUCCESS,71203004429,108.96,4
18-4,2023-08-04 15:13:09,1748,SUCCESS,65784304488,100.67,7
18-5,2023-08-04 15:13:09,1748,SUCCESS,61391029523,93.95,6
18-6,2023-08-04 15:13:09,1748,SUCCESS,61649367140,94.34,4
18-7,2023-08-04 15:13:09,1748,SUCCESS,61649367140,94.34,4
18-8,2023-08-04 15:13:58,1797,RUN_TIMEOUT,None,None,None
18-9,2023-08-04 15:13:58,1797,SUCCESS,61649367140,94.34,4
18-10,2023-08-04 15:13:58,1797,SUCCESS,61649367140,94.34,4
19-1,2023-08-04 15:14:35,1834,SUCCESS,55845253782,85.46,6
19-2,2023-08-04 15:15:24,1883,RUN_TIMEOUT,None,None,None
19-3,2023-08-04 15:15:24,1883,SUCCESS,61649367140,94.34,4
19-4,2023-08-04 15:16:13,1932,RUN_TIMEOUT,None,None,None
19-5,2023-08-04 15:16:13,1932,SUCCESS,61649367140,94.34,4
19-6,2023-08-04 15:16:13,1932,SUCCESS,61649367140,94.34,4
19-7,2023-08-04 15:17:03,1982,RUN_TIMEOUT,None,None,None
19-8,2023-08-04 15:17:52,2031,RUN_TIMEOUT,None,None,None
19-9,2023-08-04 15:18:38,2077,SUCCESS,71864653773,109.98,4
19-10,2023-08-04 15:19:27,2126,RUN_TIMEOUT,None,None,None
20-1,2023-08-04 15:19:27,2126,SUCCESS,55845253782,85.46,6
20-2,2023-08-04 15:19:27,2126,SUCCESS,61649367140,94.34,4
20-3,2023-08-04 15:19:27,2126,SUCCESS,55845253782,85.46,6
20-4,2023-08-04 15:20:14,2173,SUCCESS,75479742600,115.51,7
20-5,2023-08-04 15:20:56,2215,SUCCESS,65886018018,100.83,5
20-6,2023-08-04 15:21:39,2258,SUCCESS,68991844840,105.58,5
20-7,2023-08-04 15:21:39,2258,SUCCESS,55845253782,85.46,6
20-8,2023-08-04 15:21:39,2258,SUCCESS,61649367140,94.34,4
20-9,2023-08-04 15:22:28,2307,SUCCESS,77717117401,118.93,6
20-10,2023-08-04 15:22:28,2307,SUCCESS,61649367140,94.34,4
21-1,2023-08-04 15:23:11,2350,SUCCESS,67783178752,103.73,10
21-2,2023-08-04 15:24:00,2399,RUN_TIMEOUT,None,None,None
21-3,2023-08-04 15:24:49,2448,RUN_TIMEOUT,None,None,None
21-4,2023-08-04 15:24:49,2448,SUCCESS,55845253782,85.46,6
21-5,2023-08-04 15:24:49,2448,SUCCESS,55845253782,85.46,6
21-6,2023-08-04 15:24:49,2448,SUCCESS,55845253782,85.46,6
21-7,2023-08-04 15:24:49,2448,SUCCESS,55845253782,85.46,6
21-8,2023-08-04 15:24:49,2448,SUCCESS,55845253782,85.46,6
21-9,2023-08-04 15:25:29,2488,SUCCESS,61535100542,94.17,6
21-10,2023-08-04 15:26:04,2523,SUCCESS,53488205686,81.85,6
22-1,2023-08-04 15:26:50,2569,SUCCESS,73690122037,112.77,6
22-2,2023-08-04 15:27:39,2618,RUN_TIMEOUT,None,None,None
22-3,2023-08-04 15:27:39,2618,SUCCESS,55845253782,85.46,6
22-4,2023-08-04 15:27:39,2618,SUCCESS,55845253782,85.46,6
22-5,2023-08-04 15:28:13,2652,SUCCESS,53242653691,81.48,6
22-6,2023-08-04 15:28:57,2696,SUCCESS,71199726956,108.96,6
22-7,2023-08-04 15:29:42,2741,SUCCESS,71718213847,109.75,6
22-8,2023-08-04 15:29:42,2741,SUCCESS,55845253782,85.46,6
22-9,2023-08-04 15:29:42,2741,SUCCESS,53488205686,81.85,6
22-10,2023-08-04 15:29:42,2741,SUCCESS,55845253782,85.46,6
23-1,2023-08-04 15:30:18,2777,SUCCESS,53235493636,81.47,6
23-2,2023-08-04 15:30:18,2777,SUCCESS,53488205686,81.85,6
23-3,2023-08-04 15:30:18,2777,SUCCESS,55845253782,85.46,6
23-4,2023-08-04 15:30:18,2777,SUCCESS,55845253782,85.46,6
23-5,2023-08-04 15:30:18,2777,SUCCESS,55845253782,85.46,6
23-6,2023-08-04 15:30:18,2777,SUCCESS,53242653691,81.48,6
23-7,2023-08-04 15:31:00,2819,SUCCESS,65811313839,100.71,9
23-8,2023-08-04 15:31:41,2860,SUCCESS,71592677402,109.56,7
23-9,2023-08-04 15:32:30,2909,RUN_TIMEOUT,None,None,None
23-10,2023-08-04 15:32:30,2909,SUCCESS,55845253782,85.46,6
24-1,2023-08-04 15:32:30,2909,SUCCESS,53235493636,81.47,6
24-2,2023-08-04 15:33:14,2953,SUCCESS,69186875288,105.88,7
24-3,2023-08-04 15:33:14,2953,SUCCESS,53235493636,81.47,6
24-4,2023-08-04 15:33:14,2953,SUCCESS,53235493636,81.47,6
24-5,2023-08-04 15:33:14,2953,SUCCESS,53488205686,81.85,6
24-6,2023-08-04 15:34:03,3002,RUN_TIMEOUT,None,None,None
24-7,2023-08-04 15:34:38,3037,SUCCESS,53270134127,81.52,7
24-8,2023-08-04 15:35:15,3074,SUCCESS,55853222219,85.47,6
24-9,2023-08-04 15:36:04,3123,RUN_TIMEOUT,None,None,None
24-10,2023-08-04 15:36:35,3154,SUCCESS,47349702483,72.46,8
25-1,2023-08-04 15:37:23,3202,SUCCESS,90842178649,139.02,8
25-2,2023-08-04 15:38:08,3247,SUCCESS,71234087221,109.01,5
25-3,2023-08-04 15:38:42,3281,SUCCESS,51632726637,79.01,8
25-4,2023-08-04 15:39:31,3330,RUN_TIMEOUT,None,None,None
25-5,2023-08-04 15:39:31,3330,SUCCESS,53235493636,81.47,6
25-6,2023-08-04 15:39:31,3330,SUCCESS,53235493636,81.47,6
25-7,2023-08-04 15:39:31,3330,SUCCESS,53235493636,81.47,6
25-8,2023-08-04 15:39:31,3330,SUCCESS,53235493636,81.47,6
25-9,2023-08-04 15:40:02,3361,SUCCESS,47324268726,72.42,8
25-10,2023-08-04 15:40:02,3361,SUCCESS,53235493636,81.47,6
26-1,2023-08-04 15:40:02,3361,SUCCESS,47324268726,72.42,8
26-2,2023-08-04 15:40:02,3361,SUCCESS,51632726637,79.01,8
26-3,2023-08-04 15:40:02,3361,SUCCESS,53235493636,81.47,6
26-4,2023-08-04 15:40:02,3361,SUCCESS,53235493636,81.47,6
26-5,2023-08-04 15:40:02,3361,SUCCESS,53235493636,81.47,7
26-6,2023-08-04 15:40:02,3361,SUCCESS,47324268726,72.42,8
26-7,2023-08-04 15:40:03,3362,SUCCESS,47324268726,72.42,8
26-8,2023-08-04 15:40:46,3405,SUCCESS,62498317162,95.64,9
26-9,2023-08-04 15:40:46,3405,SUCCESS,47324268726,72.42,8
26-10,2023-08-04 15:40:46,3405,SUCCESS,47324268726,72.42,8
27-1,2023-08-04 15:40:46,3405,SUCCESS,47324268726,72.42,8
27-2,2023-08-04 15:40:46,3405,SUCCESS,47324268726,72.42,8
27-3,2023-08-04 15:40:46,3405,SUCCESS,47324268726,72.42,8
27-4,2023-08-04 15:40:46,3405,SUCCESS,47324268726,72.42,8
27-5,2023-08-04 15:40:46,3405,SUCCESS,47324268726,72.42,8
27-6,2023-08-04 15:40:46,3405,SUCCESS,47324268726,72.42,8
27-7,2023-08-04 15:40:46,3405,SUCCESS,47324268726,72.42,8
27-8,2023-08-04 15:40:46,3405,SUCCESS,47324268726,72.42,8
27-9,2023-08-04 15:41:20,3439,SUCCESS,52986569575,81.09,7
27-10,2023-08-04 15:41:20,3439,SUCCESS,47324268726,72.42,8
28-1,2023-08-04 15:41:20,3439,SUCCESS,47324268726,72.42,8
28-2,2023-08-04 15:41:20,3439,SUCCESS,47324268726,72.42,8
28-3,2023-08-04 15:41:20,3439,SUCCESS,47324268726,72.42,8
28-4,2023-08-04 15:41:20,3439,SUCCESS,47324268726,72.42,8
28-5,2023-08-04 15:41:20,3439,SUCCESS,47324268726,72.42,8
28-6,2023-08-04 15:41:20,3439,SUCCESS,47324268726,72.42,8
28-7,2023-08-04 15:41:20,3439,SUCCESS,47324268726,72.42,8
28-8,2023-08-04 15:41:20,3439,SUCCESS,47324268726,72.42,8
28-9,2023-08-04 15:41:20,3439,SUCCESS,47324268726,72.42,8
28-10,2023-08-04 15:42:10,3489,RUN_TIMEOUT,None,None,None
29-1,2023-08-04 15:42:47,3526,SUCCESS,59233556905,90.65,10
29-2,2023-08-04 15:43:17,3556,SUCCESS,47325118581,72.42,9
29-3,2023-08-04 15:43:17,3556,SUCCESS,47324268726,72.42,8
29-4,2023-08-04 15:44:06,3605,RUN_TIMEOUT,None,None,None
29-5,2023-08-04 15:44:06,3605,SUCCESS,47324268726,72.42,8
29-6,2023-08-04 15:44:06,3605,SUCCESS,47324268726,72.42,8
29-7,2023-08-04 15:44:06,3605,SUCCESS,47324268726,72.42,8
29-8,2023-08-04 15:44:06,3605,SUCCESS,47324268726,72.42,8
29-9,2023-08-04 15:44:06,3605,SUCCESS,47324268726,72.42,8
29-10,2023-08-04 15:44:06,3605,SUCCESS,47324268726,72.42,8
30-1,2023-08-04 15:44:06,3605,SUCCESS,47324268726,72.42,8
30-2,2023-08-04 15:44:06,3605,SUCCESS,47324268726,72.42,8
30-3,2023-08-04 15:44:06,3605,SUCCESS,47324268726,72.42,8
30-4,2023-08-04 15:44:06,3605,SUCCESS,47324268726,72.42,8
30-5,2023-08-04 15:44:06,3605,SUCCESS,47324268726,72.42,8
30-6,2023-08-04 15:44:55,3654,RUN_TIMEOUT,None,None,None
30-7,2023-08-04 15:44:55,3654,SUCCESS,47324268726,72.42,8
30-8,2023-08-04 15:44:55,3654,SUCCESS,47324268726,72.42,8
30-9,2023-08-04 15:44:55,3654,SUCCESS,47324268726,72.42,8
30-10,2023-08-04 15:44:55,3654,SUCCESS,47324268726,72.42,8
31-1,2023-08-04 15:45:28,3687,SUCCESS,50599985897,77.43,9
31-2,2023-08-04 15:46:17,3736,RUN_TIMEOUT,None,None,None
31-3,2023-08-04 15:46:17,3736,SUCCESS,47324268726,72.42,8
31-4,2023-08-04 15:46:17,3736,SUCCESS,47324268726,72.42,8
31-5,2023-08-04 15:46:17,3736,SUCCESS,47324268726,72.42,8
31-6,2023-08-04 15:46:17,3736,SUCCESS,47324268726,72.42,8
31-7,2023-08-04 15:46:17,3736,SUCCESS,47324268726,72.42,8
31-8,2023-08-04 15:46:17,3736,SUCCESS,47324268726,72.42,8
31-9,2023-08-04 15:46:17,3736,SUCCESS,47324268726,72.42,8
31-10,2023-08-04 15:46:17,3736,SUCCESS,47324268726,72.42,8
32-1,2023-08-04 15:46:17,3736,SUCCESS,47324268726,72.42,8
32-2,2023-08-04 15:46:17,3736,SUCCESS,47324268726,72.42,8
32-3,2023-08-04 15:46:17,3736,SUCCESS,47324268726,72.42,8
32-4,2023-08-04 15:46:17,3736,SUCCESS,52986569575,81.09,7
32-5,2023-08-04 15:46:54,3773,SUCCESS,58960444471,90.23,9
32-6,2023-08-04 15:47:27,3806,SUCCESS,52569701714,80.45,10
32-7,2023-08-04 15:48:04,3843,SUCCESS,57567157148,88.1,10
32-8,2023-08-04 15:48:04,3843,SUCCESS,47324268726,72.42,8
32-9,2023-08-04 15:48:44,3883,SUCCESS,64111813318,98.11,8
32-10,2023-08-04 15:49:14,3913,SUCCESS,47326226286,72.42,8
33-1,2023-08-04 15:49:14,3913,SUCCESS,47324268726,72.42,8
33-2,2023-08-04 15:49:15,3914,SUCCESS,47324268726,72.42,8
33-3,2023-08-04 15:49:15,3914,SUCCESS,47324268726,72.42,8
33-4,2023-08-04 15:49:15,3914,SUCCESS,52986569575,81.09,7
33-5,2023-08-04 15:49:15,3914,SUCCESS,57567157148,88.1,10
33-6,2023-08-04 15:49:15,3914,SUCCESS,47324268726,72.42,8
33-7,2023-08-04 15:49:15,3914,SUCCESS,47326226286,72.42,8
33-8,2023-08-04 15:49:15,3914,SUCCESS,47324268726,72.42,8
33-9,2023-08-04 15:49:58,3957,SUCCESS,68013011587,104.08,9
33-10,2023-08-04 15:49:58,3957,SUCCESS,47324268726,72.42,8
34-1,2023-08-04 15:49:58,3957,SUCCESS,47324268726,72.42,8
34-2,2023-08-04 15:49:58,3957,SUCCESS,47324268726,72.42,8
34-3,2023-08-04 15:50:40,3999,SUCCESS,67851528338,103.83,10
34-4,2023-08-04 15:50:40,3999,SUCCESS,47324268726,72.42,8
34-5,2023-08-04 15:50:40,3999,SUCCESS,47324268726,72.42,8
34-6,2023-08-04 15:51:14,4033,SUCCESS,54274893483,83.06,9
34-7,2023-08-04 15:51:14,4033,SUCCESS,47324268726,72.42,8
34-8,2023-08-04 15:51:48,4067,SUCCESS,53218492291,81.44,10
34-9,2023-08-04 15:51:48,4067,SUCCESS,47324268726,72.42,8
34-10,2023-08-04 15:51:48,4067,SUCCESS,47324268726,72.42,8
35-1,2023-08-04 15:51:48,4067,SUCCESS,47324268726,72.42,8
35-2,2023-08-04 15:51:48,4067,SUCCESS,47324268726,72.42,8
35-3,2023-08-04 15:51:48,4067,SUCCESS,47324268726,72.42,8
35-4,2023-08-04 15:52:35,4114,SUCCESS,74866336886,114.57,11
35-5,2023-08-04 15:52:35,4114,RUN_TIMEOUT,None,None,None
35-6,2023-08-04 15:53:24,4163,RUN_TIMEOUT,None,None,None
35-7,2023-08-04 15:54:03,4202,SUCCESS,62130560654,95.08,10
35-8,2023-08-04 15:54:03,4202,SUCCESS,47324268726,72.42,8
35-9,2023-08-04 15:54:33,4232,SUCCESS,45715535089,69.96,10
35-10,2023-08-04 15:55:17,4276,SUCCESS,70011676566,107.14,11
36-1,2023-08-04 15:55:50,4309,SUCCESS,52542052260,80.41,10
36-2,2023-08-04 15:56:20,4339,SUCCESS,45476091990,69.59,8
36-3,2023-08-04 15:56:20,4339,SUCCESS,47324268726,72.42,8
36-4,2023-08-04 15:56:20,4339,SUCCESS,47324268726,72.42,8
36-5,2023-08-04 15:56:20,4339,SUCCESS,47324268726,72.42,8
36-6,2023-08-04 15:56:20,4339,SUCCESS,47324268726,72.42,8
36-7,2023-08-04 15:56:20,4339,SUCCESS,45715535089,69.96,10
36-8,2023-08-04 15:56:20,4339,SUCCESS,45715535089,69.96,10
36-9,2023-08-04 15:56:20,4339,SUCCESS,45715535089,69.96,10
36-10,2023-08-04 15:56:20,4339,SUCCESS,47324268726,72.42,8
37-1,2023-08-04 15:56:51,4370,SUCCESS,48819549993,74.71,10
37-2,2023-08-04 15:57:21,4400,SUCCESS,47452428190,72.62,9
37-3,2023-08-04 15:57:21,4400,SUCCESS,45715535089,69.96,10
37-4,2023-08-04 15:57:21,4400,SUCCESS,45715535089,69.96,10
37-5,2023-08-04 15:58:10,4449,RUN_TIMEOUT,None,None,None
37-6,2023-08-04 15:58:10,4449,SUCCESS,45715535089,69.96,10
37-7,2023-08-04 15:58:46,4485,SUCCESS,57663822553,88.24,9
37-8,2023-08-04 15:59:16,4515,SUCCESS,46764292178,71.56,9
37-9,2023-08-04 15:59:16,4515,SUCCESS,45715535089,69.96,10
37-10,2023-08-04 15:59:16,4515,SUCCESS,47324268726,72.42,8
38-1,2023-08-04 15:59:16,4515,SUCCESS,45715535089,69.96,10
38-2,2023-08-04 15:59:58,4557,SUCCESS,66115052435,101.18,13
38-3,2023-08-04 16:00:35,4594,SUCCESS,58913536222,90.16,11
38-4,2023-08-04 16:01:08,4627,SUCCESS,53234815314,81.47,12
38-5,2023-08-04 16:01:53,4672,SUCCESS,70929240127,108.54,12
38-6,2023-08-04 16:02:43,4722,RUN_TIMEOUT,None,None,None
38-7,2023-08-04 16:02:43,4722,SUCCESS,45715535089,69.96,10
38-8,2023-08-04 16:02:43,4722,SUCCESS,45715535089,69.96,10
38-9,2023-08-04 16:03:17,4756,SUCCESS,53459163472,81.81,10
38-10,2023-08-04 16:03:49,4788,SUCCESS,48169434673,73.71,9
39-1,2023-08-04 16:03:49,4788,SUCCESS,45715535089,69.96,10
39-2,2023-08-04 16:03:49,4788,SUCCESS,45715535089,69.96,10
39-3,2023-08-04 16:04:28,4827,SUCCESS,60477129131,92.55,14
39-4,2023-08-04 16:04:28,4827,SUCCESS,48169434673,73.71,9
39-5,2023-08-04 16:04:57,4856,SUCCESS,45961934736,70.34,10
39-6,2023-08-04 16:05:28,4887,SUCCESS,45802156181,70.09,9
39-7,2023-08-04 16:06:17,4936,RUN_TIMEOUT,None,None,None
39-8,2023-08-04 16:06:17,4936,SUCCESS,45715535089,69.96,10
39-9,2023-08-04 16:06:17,4936,SUCCESS,45715535089,69.96,10
39-10,2023-08-04 16:06:17,4936,SUCCESS,48169434673,73.71,9
40-1,2023-08-04 16:06:17,4936,SUCCESS,45715535089,69.96,10
40-2,2023-08-04 16:06:17,4936,SUCCESS,45715535089,69.96,10
40-3,2023-08-04 16:06:17,4936,SUCCESS,45715535089,69.96,10
40-4,2023-08-04 16:06:17,4936,SUCCESS,45715535089,69.96,10
40-5,2023-08-04 16:06:17,4936,SUCCESS,45715535089,69.96,10
40-6,2023-08-04 16:06:17,4936,SUCCESS,45715535089,69.96,10
40-7,2023-08-04 16:06:47,4966,SUCCESS,45504219104,69.64,10
40-8,2023-08-04 16:07:16,4995,SUCCESS,45873006575,70.2,10
40-9,2023-08-04 16:08:06,5045,RUN_TIMEOUT,None,None,None
40-10,2023-08-04 16:08:44,5083,SUCCESS,60471328812,92.54,11
41-1,2023-08-04 16:08:44,5083,SUCCESS,45504219104,69.64,10
41-2,2023-08-04 16:09:28,5127,SUCCESS,71321805943,109.14,12
41-3,2023-08-04 16:10:04,5163,SUCCESS,55632990644,85.14,9
41-4,2023-08-04 16:10:04,5163,SUCCESS,45715535089,69.96,10
41-5,2023-08-04 16:10:04,5163,SUCCESS,45715535089,69.96,10
41-6,2023-08-04 16:10:46,5205,SUCCESS,68263728508,104.46,11
41-7,2023-08-04 16:10:46,5205,SUCCESS,45715535089,69.96,10
41-8,2023-08-04 16:10:46,5205,SUCCESS,45715535089,69.96,10
41-9,2023-08-04 16:11:27,5246,SUCCESS,66666559926,102.02,13
41-10,2023-08-04 16:11:27,5246,SUCCESS,45715535089,69.96,10
42-1,2023-08-04 16:11:27,5246,SUCCESS,45504219104,69.64,10
42-2,2023-08-04 16:11:27,5246,SUCCESS,45715535089,69.96,10
42-3,2023-08-04 16:11:27,5246,SUCCESS,45715535089,69.96,10
42-4,2023-08-04 16:11:27,5246,SUCCESS,45715535089,69.96,10
42-5,2023-08-04 16:11:27,5246,SUCCESS,45715535089,69.96,10
42-6,2023-08-04 16:11:27,5246,SUCCESS,45504219104,69.64,10
42-7,2023-08-04 16:11:27,5246,SUCCESS,45504219104,69.64,10
42-8,2023-08-04 16:11:27,5246,SUCCESS,45715535089,69.96,10
42-9,2023-08-04 16:11:58,5277,SUCCESS,47949052750,73.38,10
42-10,2023-08-04 16:12:48,5327,RUN_TIMEOUT,None,None,None
43-1,2023-08-04 16:12:48,5327,SUCCESS,45504219104,69.64,10
43-2,2023-08-04 16:12:48,5327,SUCCESS,45504219104,69.64,10
43-3,2023-08-04 16:12:48,5327,SUCCESS,45504219104,69.64,10
43-4,2023-08-04 16:12:48,5327,SUCCESS,45715535089,69.96,10
43-5,2023-08-04 16:12:48,5327,SUCCESS,45504219104,69.64,10
43-6,2023-08-04 16:12:48,5327,SUCCESS,45504219104,69.64,10
43-7,2023-08-04 16:12:48,5327,SUCCESS,45504219104,69.64,10
43-8,2023-08-04 16:12:48,5327,SUCCESS,45715535089,69.96,10
43-9,2023-08-04 16:12:48,5327,SUCCESS,45715535089,69.96,10
43-10,2023-08-04 16:13:17,5356,SUCCESS,45485723161,69.61,10
44-1,2023-08-04 16:13:46,5385,SUCCESS,45499403787,69.63,10
44-2,2023-08-04 16:14:16,5415,SUCCESS,45483439328,69.6,10
44-3,2023-08-04 16:14:16,5415,SUCCESS,45485723161,69.61,10
44-4,2023-08-04 16:14:16,5415,SUCCESS,45485723161,69.61,10
44-5,2023-08-04 16:14:16,5415,SUCCESS,45504219104,69.64,10
44-6,2023-08-04 16:14:16,5415,SUCCESS,45504219104,69.64,10
44-7,2023-08-04 16:14:16,5415,SUCCESS,45504219104,69.64,10
44-8,2023-08-04 16:14:16,5415,SUCCESS,45485723161,69.61,10
44-9,2023-08-04 16:14:16,5415,SUCCESS,45504219104,69.64,10
44-10,2023-08-04 16:14:16,5415,SUCCESS,45504219104,69.64,10
45-1,2023-08-04 16:14:16,5415,SUCCESS,45483439328,69.6,10
45-2,2023-08-04 16:14:16,5415,SUCCESS,45485723161,69.61,10
45-3,2023-08-04 16:14:16,5415,SUCCESS,45485723161,69.61,10
45-4,2023-08-04 16:14:53,5452,SUCCESS,59488703814,91.04,11
45-5,2023-08-04 16:14:53,5452,SUCCESS,45483439328,69.6,10
45-6,2023-08-04 16:14:53,5452,SUCCESS,45483439328,69.6,10
45-7,2023-08-04 16:14:53,5452,SUCCESS,45483439328,69.6,10
45-8,2023-08-04 16:14:53,5452,SUCCESS,45485723161,69.61,10
45-9,2023-08-04 16:14:53,5452,SUCCESS,45485723161,69.61,10
45-10,2023-08-04 16:14:53,5452,SUCCESS,45485723161,69.61,10
46-1,2023-08-04 16:14:53,5452,SUCCESS,45483439328,69.6,10
46-2,2023-08-04 16:14:53,5452,SUCCESS,45483439328,69.6,10
46-3,2023-08-04 16:14:53,5452,SUCCESS,45483439328,69.6,10
46-4,2023-08-04 16:14:53,5452,SUCCESS,45483439328,69.6,10
46-5,2023-08-04 16:15:32,5491,SUCCESS,60385728289,92.41,12
46-6,2023-08-04 16:15:32,5491,SUCCESS,45483439328,69.6,10
46-7,2023-08-04 16:15:32,5491,SUCCESS,45485723161,69.61,10
46-8,2023-08-04 16:15:32,5491,SUCCESS,45485723161,69.61,10
46-9,2023-08-04 16:15:32,5491,SUCCESS,45483439328,69.6,10
46-10,2023-08-04 16:15:32,5491,SUCCESS,45483439328,69.6,10
47-1,2023-08-04 16:15:32,5491,SUCCESS,45483439328,69.6,10
47-2,2023-08-04 16:15:32,5491,SUCCESS,45483439328,69.6,10
47-3,2023-08-04 16:15:32,5491,SUCCESS,45483439328,69.6,10
47-4,2023-08-04 16:15:32,5491,SUCCESS,45483439328,69.6,10
47-5,2023-08-04 16:15:32,5491,SUCCESS,45483439328,69.6,10
47-6,2023-08-04 16:16:04,5523,SUCCESS,51068952369,78.15,12
47-7,2023-08-04 16:16:04,5523,SUCCESS,45483439328,69.6,10
47-8,2023-08-04 16:16:04,5523,SUCCESS,45483439328,69.6,10
47-9,2023-08-04 16:16:05,5524,SUCCESS,45483439328,69.6,10
47-10,2023-08-04 16:16:05,5524,SUCCESS,45483439328,69.6,10
48-1,2023-08-04 16:16:51,5570,SUCCESS,76228888534,116.65,10
48-2,2023-08-04 16:16:52,5571,SUCCESS,45483439328,69.6,10
48-3,2023-08-04 16:16:52,5571,SUCCESS,45483439328,69.6,10
48-4,2023-08-04 16:16:52,5571,SUCCESS,45483439328,69.6,10
48-5,2023-08-04 16:16:52,5571,SUCCESS,45483439328,69.6,10
48-6,2023-08-04 16:17:30,5609,SUCCESS,61281867134,93.78,10
48-7,2023-08-04 16:18:07,5646,SUCCESS,59527394825,91.1,13
48-8,2023-08-04 16:18:07,5646,SUCCESS,45483439328,69.6,10
48-9,2023-08-04 16:18:07,5646,SUCCESS,45483439328,69.6,10
48-10,2023-08-04 16:18:07,5646,SUCCESS,45483439328,69.6,10
49-1,2023-08-04 16:18:07,5646,SUCCESS,45483439328,69.6,10
49-2,2023-08-04 16:18:07,5646,SUCCESS,45483439328,69.6,10
49-3,2023-08-04 16:18:55,5694,SUCCESS,76785953270,117.51,13
49-4,2023-08-04 16:19:33,5732,SUCCESS,60248586871,92.2,10
49-5,2023-08-04 16:19:33,5732,SUCCESS,45483439328,69.6,10
49-6,2023-08-04 16:19:33,5732,SUCCESS,45483439328,69.6,10
49-7,2023-08-04 16:19:33,5732,SUCCESS,45483439328,69.6,10
49-8,2023-08-04 16:19:33,5732,SUCCESS,45483439328,69.6,10
49-9,2023-08-04 16:19:33,5732,SUCCESS,45483439328,69.6,10
49-10,2023-08-04 16:19:33,5732,SUCCESS,45483439328,69.6,10
50-1,2023-08-04 16:20:22,5781,SUCCESS,79605089048,121.82,11
50-2,2023-08-04 16:20:22,5781,SUCCESS,45483439328,69.6,10
50-3,2023-08-04 16:20:22,5781,SUCCESS,45483439328,69.6,10
50-4,2023-08-04 16:20:22,5781,SUCCESS,45483439328,69.6,10
50-5,2023-08-04 16:21:02,5821,SUCCESS,61898478611,94.72,13
50-6,2023-08-04 16:21:48,5867,SUCCESS,75871314632,116.11,11
50-7,2023-08-04 16:21:48,5867,SUCCESS,45483439328,69.6,10
50-8,2023-08-04 16:21:48,5867,SUCCESS,45483439328,69.6,10
50-9,2023-08-04 16:21:48,5867,SUCCESS,45483439328,69.6,10
50-10,2023-08-04 16:21:48,5867,SUCCESS,45483439328,69.6,10
51-1,2023-08-04 16:21:48,5867,SUCCESS,45483439328,69.6,10
51-2,2023-08-04 16:21:48,5867,SUCCESS,45483439328,69.6,10
51-3,2023-08-04 16:22:16,5895,SUCCESS,43818352367,67.06,9
51-4,2023-08-04 16:22:16,5895,SUCCESS,45483439328,69.6,10
51-5,2023-08-04 16:22:16,5895,SUCCESS,45483439328,69.6,10
51-6,2023-08-04 16:22:51,5930,SUCCESS,54258823612,83.03,10
51-7,2023-08-04 16:22:51,5930,SUCCESS,45483439328,69.6,10
51-8,2023-08-04 16:22:51,5930,SUCCESS,45483439328,69.6,10
51-9,2023-08-04 16:23:35,5974,SUCCESS,72923388698,111.6,13
51-10,2023-08-04 16:23:35,5974,SUCCESS,45483439328,69.6,10
52-1,2023-08-04 16:23:35,5974,SUCCESS,43818352367,67.06,9
52-2,2023-08-04 16:23:35,5974,SUCCESS,45483439328,69.6,10
52-3,2023-08-04 16:23:35,5974,SUCCESS,45483439328,69.6,10
52-4,2023-08-04 16:23:35,5974,SUCCESS,45483439328,69.6,10
52-5,2023-08-04 16:23:35,5974,SUCCESS,45483439328,69.6,10
52-6,2023-08-04 16:23:35,5974,SUCCESS,45483439328,69.6,10
52-7,2023-08-04 16:23:35,5974,SUCCESS,45483439328,69.6,10
52-8,2023-08-04 16:23:35,5974,SUCCESS,43818352367,67.06,9
52-9,2023-08-04 16:23:35,5974,SUCCESS,45483439328,69.6,10
52-10,2023-08-04 16:23:35,5974,SUCCESS,45483439328,69.6,10
53-1,2023-08-04 16:23:35,5974,SUCCESS,43818352367,67.06,9
53-2,2023-08-04 16:23:35,5974,SUCCESS,43818352367,67.06,9
53-3,2023-08-04 16:23:35,5974,SUCCESS,43818352367,67.06,9
53-4,2023-08-04 16:23:35,5974,SUCCESS,43818352367,67.06,9
53-5,2023-08-04 16:23:35,5974,SUCCESS,43818352367,67.06,9
53-6,2023-08-04 16:23:35,5974,SUCCESS,43818352367,67.06,9
53-7,2023-08-04 16:24:04,6003,SUCCESS,43803951511,67.03,9
53-8,2023-08-04 16:24:04,6003,SUCCESS,45483439328,69.6,10
53-9,2023-08-04 16:24:04,6003,SUCCESS,43818352367,67.06,9
53-10,2023-08-04 16:24:04,6003,SUCCESS,45483439328,69.6,10
54-1,2023-08-04 16:24:04,6003,SUCCESS,43803951511,67.03,9
54-2,2023-08-04 16:24:04,6003,SUCCESS,43818352367,67.06,9
54-3,2023-08-04 16:24:04,6003,SUCCESS,43818352367,67.06,9
54-4,2023-08-04 16:24:04,6003,SUCCESS,43818352367,67.06,9
54-5,2023-08-04 16:24:04,6003,SUCCESS,43803951511,67.03,9
54-6,2023-08-04 16:24:04,6003,SUCCESS,43818352367,67.06,9
54-7,2023-08-04 16:24:32,6031,SUCCESS,43811130528,67.04,9
54-8,2023-08-04 16:25:00,6059,SUCCESS,43800193909,67.03,9
54-9,2023-08-04 16:25:00,6059,SUCCESS,43803951511,67.03,9
54-10,2023-08-04 16:25:00,6059,SUCCESS,43803951511,67.03,9
55-1,2023-08-04 16:25:00,6059,SUCCESS,43800193909,67.03,9
55-2,2023-08-04 16:25:00,6059,SUCCESS,43803951511,67.03,9
55-3,2023-08-04 16:25:00,6059,SUCCESS,43800193909,67.03,9
55-4,2023-08-04 16:25:00,6059,SUCCESS,43803951511,67.03,9
55-5,2023-08-04 16:25:00,6059,SUCCESS,43803951511,67.03,9
55-6,2023-08-04 16:25:00,6059,SUCCESS,43803951511,67.03,9
55-7,2023-08-04 16:25:40,6099,SUCCESS,60440916100,92.49,13
55-8,2023-08-04 16:25:40,6099,SUCCESS,43803951511,67.03,9
55-9,2023-08-04 16:26:09,6128,SUCCESS,43815658264,67.05,11
55-10,2023-08-04 16:26:09,6128,SUCCESS,43803951511,67.03,9
56-1,2023-08-04 16:26:09,6128,SUCCESS,43800193909,67.03,9
56-2,2023-08-04 16:26:45,6164,SUCCESS,55596183061,85.08,10
56-3,2023-08-04 16:27:32,6211,SUCCESS,75002019117,114.78,10
56-4,2023-08-04 16:28:01,6240,SUCCESS,43798372468,67.03,9
56-5,2023-08-04 16:28:01,6240,SUCCESS,43800193909,67.03,9
56-6,2023-08-04 16:28:37,6276,SUCCESS,57124036136,87.42,9
56-7,2023-08-04 16:28:37,6276,SUCCESS,43800193909,67.03,9
56-8,2023-08-04 16:28:37,6276,SUCCESS,43800193909,67.03,9
56-9,2023-08-04 16:28:37,6276,SUCCESS,43800193909,67.03,9
56-10,2023-08-04 16:28:37,6276,SUCCESS,43803951511,67.03,9
57-1,2023-08-04 16:29:15,6314,SUCCESS,61281999330,93.78,10
57-2,2023-08-04 16:29:15,6314,SUCCESS,43800193909,67.03,9
57-3,2023-08-04 16:29:15,6314,SUCCESS,43800193909,67.03,9
57-4,2023-08-04 16:29:15,6314,SUCCESS,43800193909,67.03,9
57-5,2023-08-04 16:29:15,6314,SUCCESS,43800193909,67.03,9
57-6,2023-08-04 16:29:15,6314,SUCCESS,43800193909,67.03,9
57-7,2023-08-04 16:29:15,6314,SUCCESS,43800193909,67.03,9
57-8,2023-08-04 16:29:57,6356,SUCCESS,66792953815,102.21,10
57-9,2023-08-04 16:30:43,6402,SUCCESS,73801203408,112.94,11
57-10,2023-08-04 16:30:43,6402,SUCCESS,43798372468,67.03,9
58-1,2023-08-04 16:30:43,6402,SUCCESS,43798372468,67.03,9
58-2,2023-08-04 16:30:43,6402,SUCCESS,43800193909,67.03,9
58-3,2023-08-04 16:31:13,6432,SUCCESS,46211922843,70.72,9
58-4,2023-08-04 16:31:13,6432,SUCCESS,43798372468,67.03,9
58-5,2023-08-04 16:31:13,6432,SUCCESS,43800193909,67.03,9
58-6,2023-08-04 16:31:51,6470,SUCCESS,60341810201,92.34,10
58-7,2023-08-04 16:31:51,6470,SUCCESS,43800193909,67.03,9
58-8,2023-08-04 16:31:51,6470,SUCCESS,43800193909,67.03,9
58-9,2023-08-04 16:31:51,6470,SUCCESS,43798372468,67.03,9
58-10,2023-08-04 16:31:51,6470,SUCCESS,43800193909,67.03,9
59-1,2023-08-04 16:31:51,6470,SUCCESS,43798372468,67.03,9
59-2,2023-08-04 16:31:51,6470,SUCCESS,43798372468,67.03,9
59-3,2023-08-04 16:31:51,6470,SUCCESS,43800193909,67.03,9
59-4,2023-08-04 16:31:51,6470,SUCCESS,43800193909,67.03,9
59-5,2023-08-04 16:32:24,6503,SUCCESS,51485219164,78.79,10
59-6,2023-08-04 16:32:24,6503,SUCCESS,43798372468,67.03,9
59-7,2023-08-04 16:32:24,6503,SUCCESS,43798372468,67.03,9
59-8,2023-08-04 16:32:24,6503,SUCCESS,43798372468,67.03,9
59-9,2023-08-04 16:33:13,6552,RUN_TIMEOUT,None,None,None
59-10,2023-08-04 16:34:02,6601,RUN_TIMEOUT,None,None,None
60-1,2023-08-04 16:34:02,6601,SUCCESS,43798372468,67.03,9
60-2,2023-08-04 16:34:02,6601,SUCCESS,43798372468,67.03,9
60-3,2023-08-04 16:34:52,6651,RUN_TIMEOUT,None,None,None
60-4,2023-08-04 16:34:52,6651,SUCCESS,43798372468,67.03,9
60-5,2023-08-04 16:34:52,6651,SUCCESS,43798372468,67.03,9
60-6,2023-08-04 16:34:52,6651,SUCCESS,43798372468,67.03,9
60-7,2023-08-04 16:35:20,6679,SUCCESS,43809935828,67.04,10
60-8,2023-08-04 16:35:20,6679,SUCCESS,43798372468,67.03,9
60-9,2023-08-04 16:35:20,6679,SUCCESS,43798372468,67.03,9
60-10,2023-08-04 16:35:20,6679,SUCCESS,43798372468,67.03,9
61-1,2023-08-04 16:35:20,6679,SUCCESS,43798372468,67.03,9
61-2,2023-08-04 16:36:02,6721,SUCCESS,67061575518,102.62,12
61-3,2023-08-04 16:36:02,6721,SUCCESS,43798372468,67.03,9
61-4,2023-08-04 16:36:02,6721,SUCCESS,43798372468,67.03,9
61-5,2023-08-04 16:36:02,6721,SUCCESS,43798372468,67.03,9
61-6,2023-08-04 16:36:47,6766,SUCCESS,70591148815,108.03,10
61-7,2023-08-04 16:36:47,6766,SUCCESS,43798372468,67.03,9
61-8,2023-08-04 16:36:47,6766,SUCCESS,43798372468,67.03,9
61-9,2023-08-04 16:36:47,6766,SUCCESS,43798372468,67.03,9
61-10,2023-08-04 16:37:26,6805,SUCCESS,61462704045,94.06,11
62-1,2023-08-04 16:37:26,6805,SUCCESS,43798372468,67.03,9
62-2,2023-08-04 16:37:26,6805,SUCCESS,43798372468,67.03,9
62-3,2023-08-04 16:37:26,6805,SUCCESS,43798372468,67.03,9
62-4,2023-08-04 16:37:26,6805,SUCCESS,43798372468,67.03,9
62-5,2023-08-04 16:37:26,6805,SUCCESS,43798372468,67.03,9
62-6,2023-08-04 16:38:07,6846,SUCCESS,67082402447,102.66,11
62-7,2023-08-04 16:38:07,6846,SUCCESS,43798372468,67.03,9
62-8,2023-08-04 16:38:07,6846,SUCCESS,43798372468,67.03,9
62-9,2023-08-04 16:38:07,6846,SUCCESS,43798372468,67.03,9
62-10,2023-08-04 16:38:07,6846,SUCCESS,43798372468,67.03,9
63-1,2023-08-04 16:38:07,6846,SUCCESS,43798372468,67.03,9
63-2,2023-08-04 16:38:56,6895,RUN_TIMEOUT,None,None,None
63-3,2023-08-04 16:38:56,6895,SUCCESS,43798372468,67.03,9
63-4,2023-08-04 16:38:56,6895,SUCCESS,43798372468,67.03,9
63-5,2023-08-04 16:38:56,6895,SUCCESS,43798372468,67.03,9
63-6,2023-08-04 16:38:56,6895,SUCCESS,43798372468,67.03,9
63-7,2023-08-04 16:39:45,6944,RUN_TIMEOUT,None,None,None
63-8,2023-08-04 16:40:13,6972,SUCCESS,42911701792,65.67,9
63-9,2023-08-04 16:40:13,6972,SUCCESS,43798372468,67.03,9
63-10,2023-08-04 16:40:13,6972,SUCCESS,43798372468,67.03,9
64-1,2023-08-04 16:40:13,6972,SUCCESS,42911701792,65.67,9
64-2,2023-08-04 16:40:13,6972,SUCCESS,43798372468,67.03,9
64-3,2023-08-04 16:40:13,6972,SUCCESS,43798372468,67.03,9
64-4,2023-08-04 16:40:13,6972,SUCCESS,43798372468,67.03,9
64-5,2023-08-04 16:40:13,6972,SUCCESS,43798372468,67.03,9
64-6,2023-08-04 16:40:50,7009,SUCCESS,59269553080,90.7,10
64-7,2023-08-04 16:40:50,7009,SUCCESS,43798372468,67.03,9
64-8,2023-08-04 16:40:50,7009,SUCCESS,43798372468,67.03,9
64-9,2023-08-04 16:40:50,7009,SUCCESS,43798372468,67.03,9
64-10,2023-08-04 16:40:50,7009,SUCCESS,43798372468,67.03,9
65-1,2023-08-04 16:40:50,7009,SUCCESS,42911701792,65.67,9
65-2,2023-08-04 16:40:50,7009,SUCCESS,43798372468,67.03,9
65-3,2023-08-04 16:40:50,7009,SUCCESS,43798372468,67.03,9
65-4,2023-08-04 16:40:50,7009,SUCCESS,43798372468,67.03,9
65-5,2023-08-04 16:40:50,7009,SUCCESS,43798372468,67.03,9
65-6,2023-08-04 16:40:50,7009,SUCCESS,43798372468,67.03,9
65-7,2023-08-04 16:40:50,7009,SUCCESS,43798372468,67.03,9
65-8,2023-08-04 16:40:50,7009,SUCCESS,43798372468,67.03,9
65-9,2023-08-04 16:40:50,7009,SUCCESS,43798372468,67.03,9
65-10,2023-08-04 16:40:50,7009,SUCCESS,43798372468,67.03,9
66-1,2023-08-04 16:40:50,7009,SUCCESS,42911701792,65.67,9
66-2,2023-08-04 16:40:50,7009,SUCCESS,43798372468,67.03,9
66-3,2023-08-04 16:40:50,7009,SUCCESS,43798372468,67.03,9
66-4,2023-08-04 16:41:22,7041,SUCCESS,49347002647,75.52,11
66-5,2023-08-04 16:42:00,7079,SUCCESS,58536092112,89.58,12
66-6,2023-08-04 16:42:00,7079,SUCCESS,42911701792,65.67,9
66-7,2023-08-04 16:42:00,7079,SUCCESS,42911701792,65.67,9
66-8,2023-08-04 16:42:00,7079,SUCCESS,43798372468,67.03,9
66-9,2023-08-04 16:42:38,7117,SUCCESS,61291754672,93.8,10
66-10,2023-08-04 16:42:38,7117,SUCCESS,42911701792,65.67,9
67-1,2023-08-04 16:42:38,7117,SUCCESS,42911701792,65.67,9
67-2,2023-08-04 16:43:27,7166,RUN_TIMEOUT,None,None,None
67-3,2023-08-04 16:43:27,7166,SUCCESS,42911701792,65.67,9
67-4,2023-08-04 16:43:27,7166,SUCCESS,42911701792,65.67,9
67-5,2023-08-04 16:43:27,7166,SUCCESS,42911701792,65.67,9
67-6,2023-08-04 16:43:56,7195,SUCCESS,42899056739,65.65,10
67-7,2023-08-04 16:43:56,7195,SUCCESS,42911701792,65.67,9
67-8,2023-08-04 16:44:29,7228,SUCCESS,51775564143,79.23,11
67-9,2023-08-04 16:44:29,7228,SUCCESS,42911701792,65.67,9
67-10,2023-08-04 16:44:29,7228,SUCCESS,49347002647,75.52,11
68-1,2023-08-04 16:44:29,7228,SUCCESS,42899056739,65.65,10
68-2,2023-08-04 16:44:29,7228,SUCCESS,42911701792,65.67,9
68-3,2023-08-04 16:44:29,7228,SUCCESS,42911701792,65.67,9
68-4,2023-08-04 16:44:29,7228,SUCCESS,42911701792,65.67,9
68-5,2023-08-04 16:44:29,7228,SUCCESS,42899056739,65.65,10
68-6,2023-08-04 16:44:29,7228,SUCCESS,42911701792,65.67,9
68-7,2023-08-04 16:44:29,7228,SUCCESS,42911701792,65.67,9
68-8,2023-08-04 16:45:04,7263,SUCCESS,55423596599,84.82,10
68-9,2023-08-04 16:45:04,7263,SUCCESS,42899056739,65.65,10
68-10,2023-08-04 16:45:04,7263,SUCCESS,42911701792,65.67,9
69-1,2023-08-04 16:45:04,7263,SUCCESS,42899056739,65.65,10
69-2,2023-08-04 16:45:04,7263,SUCCESS,42899056739,65.65,10
69-3,2023-08-04 16:45:04,7263,SUCCESS,42911701792,65.67,9
69-4,2023-08-04 16:45:04,7263,SUCCESS,42911701792,65.67,9
69-5,2023-08-04 16:45:43,7302,SUCCESS,63460828862,97.11,11
69-6,2023-08-04 16:45:43,7302,SUCCESS,42899056739,65.65,10
69-7,2023-08-04 16:45:43,7302,SUCCESS,42899056739,65.65,10
69-8,2023-08-04 16:45:43,7302,SUCCESS,42911701792,65.67,9
69-9,2023-08-04 16:46:33,7352,RUN_TIMEOUT,None,None,None
69-10,2023-08-04 16:46:33,7352,SUCCESS,42899056739,65.65,10
70-1,2023-08-04 16:46:33,7352,SUCCESS,42899056739,65.65,10
70-2,2023-08-04 16:46:33,7352,SUCCESS,42899056739,65.65,10
70-3,2023-08-04 16:46:33,7352,SUCCESS,42899056739,65.65,10
70-4,2023-08-04 16:46:33,7352,SUCCESS,42899056739,65.65,10
70-5,2023-08-04 16:46:33,7352,SUCCESS,42899056739,65.65,10
70-6,2023-08-04 16:46:33,7352,SUCCESS,42899056739,65.65,10
70-7,2023-08-04 16:47:12,7391,SUCCESS,63439480420,97.08,13
70-8,2023-08-04 16:47:41,7420,SUCCESS,42951753644,65.73,12
70-9,2023-08-04 16:47:41,7420,SUCCESS,42899056739,65.65,10
70-10,2023-08-04 16:47:41,7420,SUCCESS,42899056739,65.65,10
71-1,2023-08-04 16:47:41,7420,SUCCESS,42899056739,65.65,10
71-2,2023-08-04 16:47:41,7420,SUCCESS,42899056739,65.65,10
71-3,2023-08-04 16:47:41,7420,SUCCESS,42899056739,65.65,10
71-4,2023-08-04 16:47:41,7420,SUCCESS,42899056739,65.65,10
71-5,2023-08-04 16:47:41,7420,SUCCESS,42899056739,65.65,10
71-6,2023-08-04 16:47:41,7420,SUCCESS,42899056739,65.65,10
71-7,2023-08-04 16:47:41,7420,SUCCESS,42899056739,65.65,10
71-8,2023-08-04 16:47:41,7420,SUCCESS,42899056739,65.65,10
71-9,2023-08-04 16:47:41,7420,SUCCESS,42899056739,65.65,10
71-10,2023-08-04 16:47:41,7420,SUCCESS,42899056739,65.65,10
72-1,2023-08-04 16:47:41,7420,SUCCESS,42899056739,65.65,10
72-2,2023-08-04 16:47:41,7420,SUCCESS,42899056739,65.65,10
72-3,2023-08-04 16:47:41,7420,SUCCESS,42899056739,65.65,10
72-4,2023-08-04 16:48:24,7463,SUCCESS,68303015023,104.52,9
72-5,2023-08-04 16:48:24,7463,SUCCESS,42899056739,65.65,10
72-6,2023-08-04 16:48:24,7463,SUCCESS,42899056739,65.65,10
72-7,2023-08-04 16:48:24,7463,SUCCESS,42899056739,65.65,10
72-8,2023-08-04 16:48:24,7463,SUCCESS,42899056739,65.65,10
72-9,2023-08-04 16:49:01,7500,SUCCESS,58245159654,89.13,11
72-10,2023-08-04 16:49:01,7500,SUCCESS,42899056739,65.65,10
73-1,2023-08-04 16:49:01,7500,SUCCESS,42899056739,65.65,10
73-2,2023-08-04 16:49:50,7549,RUN_TIMEOUT,None,None,None
73-3,2023-08-04 16:49:50,7549,SUCCESS,42899056739,65.65,10
73-4,2023-08-04 16:49:50,7549,SUCCESS,42899056739,65.65,10
73-5,2023-08-04 16:49:50,7549,SUCCESS,42899056739,65.65,10
73-6,2023-08-04 16:49:50,7549,SUCCESS,42899056739,65.65,10
73-7,2023-08-04 16:49:50,7549,SUCCESS,42899056739,65.65,10
73-8,2023-08-04 16:49:50,7549,SUCCESS,42899056739,65.65,10
73-9,2023-08-04 16:49:50,7549,SUCCESS,42899056739,65.65,10
73-10,2023-08-04 16:49:50,7549,SUCCESS,42899056739,65.65,10
74-1,2023-08-04 16:49:50,7549,SUCCESS,42899056739,65.65,10
74-2,2023-08-04 16:49:50,7549,SUCCESS,42899056739,65.65,10
74-3,2023-08-04 16:49:50,7549,SUCCESS,42899056739,65.65,10
74-4,2023-08-04 16:49:50,7549,SUCCESS,42899056739,65.65,10
74-5,2023-08-04 16:50:40,7599,RUN_TIMEOUT,None,None,None
74-6,2023-08-04 16:51:07,7626,SUCCESS,42925301102,65.69,10
74-7,2023-08-04 16:51:07,7626,SUCCESS,42899056739,65.65,10
74-8,2023-08-04 16:51:07,7626,SUCCESS,42899056739,65.65,10
74-9,2023-08-04 16:51:07,7626,SUCCESS,42899056739,65.65,10
74-10,2023-08-04 16:51:07,7626,SUCCESS,42899056739,65.65,10
75-1,2023-08-04 16:51:07,7626,SUCCESS,42899056739,65.65,10
75-2,2023-08-04 16:51:07,7626,SUCCESS,42899056739,65.65,10
75-3,2023-08-04 16:51:08,7627,SUCCESS,42899056739,65.65,10
75-4,2023-08-04 16:51:08,7627,SUCCESS,42899056739,65.65,10
75-5,2023-08-04 16:51:08,7627,SUCCESS,42899056739,65.65,10
75-6,2023-08-04 16:51:08,7627,SUCCESS,42899056739,65.65,10
75-7,2023-08-04 16:51:08,7627,SUCCESS,42899056739,65.65,10
75-8,2023-08-04 16:51:08,7627,SUCCESS,42899056739,65.65,10
75-9,2023-08-04 16:51:08,7627,SUCCESS,42899056739,65.65,10
75-10,2023-08-04 16:51:45,7664,SUCCESS,58532750013,89.57,9
76-1,2023-08-04 16:51:45,7664,SUCCESS,42899056739,65.65,10
76-2,2023-08-04 16:51:45,7664,SUCCESS,42899056739,65.65,10
76-3,2023-08-04 16:51:45,7664,SUCCESS,42899056739,65.65,10
76-4,2023-08-04 16:51:45,7664,SUCCESS,42899056739,65.65,10
76-5,2023-08-04 16:51:45,7664,SUCCESS,42899056739,65.65,10
76-6,2023-08-04 16:51:45,7664,SUCCESS,42899056739,65.65,10
76-7,2023-08-04 16:51:45,7664,SUCCESS,42899056739,65.65,10
76-8,2023-08-04 16:51:45,7664,SUCCESS,42899056739,65.65,10
76-9,2023-08-04 16:52:27,7706,SUCCESS,68220333388,104.4,12
76-10,2023-08-04 16:52:27,7706,SUCCESS,42899056739,65.65,10
77-1,2023-08-04 16:52:27,7706,SUCCESS,42899056739,65.65,10
77-2,2023-08-04 16:52:27,7706,SUCCESS,42899056739,65.65,10
77-3,2023-08-04 16:52:27,7706,SUCCESS,42899056739,65.65,10
77-4,2023-08-04 16:52:27,7706,SUCCESS,42899056739,65.65,10
77-5,2023-08-04 16:52:27,7706,SUCCESS,42899056739,65.65,10
77-6,2023-08-04 16:52:27,7706,SUCCESS,42899056739,65.65,10
77-7,2023-08-04 16:52:27,7706,SUCCESS,42899056739,65.65,10
77-8,2023-08-04 16:53:13,7752,SUCCESS,71611826947,109.59,13
77-9,2023-08-04 16:53:46,7785,SUCCESS,49232339367,75.34,12
77-10,2023-08-04 16:54:35,7834,RUN_TIMEOUT,None,None,None
78-1,2023-08-04 16:54:35,7834,SUCCESS,42899056739,65.65,10
78-2,2023-08-04 16:54:35,7834,SUCCESS,42899056739,65.65,10
78-3,2023-08-04 16:54:35,7834,SUCCESS,42899056739,65.65,10
78-4,2023-08-04 16:55:24,7883,RUN_TIMEOUT,None,None,None
78-5,2023-08-04 16:55:24,7883,SUCCESS,42899056739,65.65,10
78-6,2023-08-04 16:55:24,7883,SUCCESS,42899056739,65.65,10
78-7,2023-08-04 16:55:24,7883,SUCCESS,42899056739,65.65,10
78-8,2023-08-04 16:55:24,7883,SUCCESS,42899056739,65.65,10
78-9,2023-08-04 16:55:24,7883,SUCCESS,42899056739,65.65,10
78-10,2023-08-04 16:56:14,7933,RUN_TIMEOUT,None,None,None
79-1,2023-08-04 16:56:14,7933,SUCCESS,42899056739,65.65,10
79-2,2023-08-04 16:56:14,7933,SUCCESS,42899056739,65.65,10
79-3,2023-08-04 16:56:49,7968,SUCCESS,56858387122,87.01,12
79-4,2023-08-04 16:56:49,7968,SUCCESS,42899056739,65.65,10
79-5,2023-08-04 16:56:49,7968,SUCCESS,42899056739,65.65,10
79-6,2023-08-04 16:56:49,7968,SUCCESS,42899056739,65.65,10
79-7,2023-08-04 16:56:49,7968,SUCCESS,42899056739,65.65,10
79-8,2023-08-04 16:56:49,7968,SUCCESS,42899056739,65.65,10
79-9,2023-08-04 16:57:32,8011,SUCCESS,69983021827,107.1,11
79-10,2023-08-04 16:57:32,8011,SUCCESS,42899056739,65.65,10
80-1,2023-08-04 16:57:32,8011,SUCCESS,42899056739,65.65,10
80-2,2023-08-04 16:58:10,8049,SUCCESS,59325652566,90.79,9
80-3,2023-08-04 16:58:10,8049,SUCCESS,42899056739,65.65,10
80-4,2023-08-04 16:58:10,8049,SUCCESS,42899056739,65.65,10
80-5,2023-08-04 16:58:10,8049,SUCCESS,42899056739,65.65,10
80-6,2023-08-04 16:59:00,8099,RUN_TIMEOUT,None,None,None
80-7,2023-08-04 16:59:00,8099,SUCCESS,42899056739,65.65,10
80-8,2023-08-04 16:59:49,8148,RUN_TIMEOUT,None,None,None
80-9,2023-08-04 16:59:49,8148,SUCCESS,42899056739,65.65,10
80-10,2023-08-04 17:00:38,8197,RUN_TIMEOUT,None,None,None
81-1,2023-08-04 17:00:38,8197,SUCCESS,42899056739,65.65,10
81-2,2023-08-04 17:00:38,8197,SUCCESS,42899056739,65.65,10
81-3,2023-08-04 17:01:15,8234,SUCCESS,59271031497,90.7,11
81-4,2023-08-04 17:01:15,8234,SUCCESS,42899056739,65.65,10
81-5,2023-08-04 17:01:15,8234,SUCCESS,42899056739,65.65,10
81-6,2023-08-04 17:01:15,8234,SUCCESS,42899056739,65.65,10
81-7,2023-08-04 17:01:15,8234,SUCCESS,42899056739,65.65,10
81-8,2023-08-04 17:01:15,8234,SUCCESS,42899056739,65.65,10
81-9,2023-08-04 17:01:15,8234,SUCCESS,42899056739,65.65,10
81-10,2023-08-04 17:01:15,8234,SUCCESS,42899056739,65.65,10
82-1,2023-08-04 17:01:15,8234,SUCCESS,42899056739,65.65,10
82-2,2023-08-04 17:01:15,8234,SUCCESS,42899056739,65.65,10
82-3,2023-08-04 17:01:15,8234,SUCCESS,42899056739,65.65,10
82-4,2023-08-04 17:01:15,8234,SUCCESS,42899056739,65.65,10
82-5,2023-08-04 17:01:15,8234,SUCCESS,42899056739,65.65,10
82-6,2023-08-04 17:01:15,8234,SUCCESS,42899056739,65.65,10
82-7,2023-08-04 17:01:15,8234,SUCCESS,42899056739,65.65,10
82-8,2023-08-04 17:01:15,8234,SUCCESS,42899056739,65.65,10
82-9,2023-08-04 17:01:15,8234,SUCCESS,42899056739,65.65,10
82-10,2023-08-04 17:01:15,8234,SUCCESS,42899056739,65.65,10
83-1,2023-08-04 17:01:16,8235,SUCCESS,42899056739,65.65,10
83-2,2023-08-04 17:01:16,8235,SUCCESS,42899056739,65.65,10
83-3,2023-08-04 17:01:16,8235,SUCCESS,42899056739,65.65,10
83-4,2023-08-04 17:01:16,8235,SUCCESS,42899056739,65.65,10
83-5,2023-08-04 17:01:16,8235,SUCCESS,42899056739,65.65,10
83-6,2023-08-04 17:01:16,8235,SUCCESS,42899056739,65.65,10
83-7,2023-08-04 17:01:16,8235,SUCCESS,42899056739,65.65,10
83-8,2023-08-04 17:01:16,8235,SUCCESS,42899056739,65.65,10
83-9,2023-08-04 17:01:16,8235,SUCCESS,42899056739,65.65,10
83-10,2023-08-04 17:01:16,8235,SUCCESS,42899056739,65.65,10
84-1,2023-08-04 17:01:46,8265,SUCCESS,49355982397,75.53,12
84-2,2023-08-04 17:01:46,8265,SUCCESS,42899056739,65.65,10
84-3,2023-08-04 17:01:46,8265,SUCCESS,42899056739,65.65,10
84-4,2023-08-04 17:01:46,8265,SUCCESS,42899056739,65.65,10
84-5,2023-08-04 17:01:46,8265,SUCCESS,42899056739,65.65,10
84-6,2023-08-04 17:01:46,8265,SUCCESS,42899056739,65.65,10
84-7,2023-08-04 17:01:46,8265,SUCCESS,42899056739,65.65,10
84-8,2023-08-04 17:01:46,8265,SUCCESS,42899056739,65.65,10
84-9,2023-08-04 17:02:26,8305,SUCCESS,62724070570,95.99,10
84-10,2023-08-04 17:02:26,8305,SUCCESS,42899056739,65.65,10
85-1,2023-08-04 17:02:26,8305,SUCCESS,42899056739,65.65,10
85-2,2023-08-04 17:02:26,8305,SUCCESS,42899056739,65.65,10
85-3,2023-08-04 17:02:26,8305,SUCCESS,42899056739,65.65,10
85-4,2023-08-04 17:02:26,8305,SUCCESS,42899056739,65.65,10
85-5,2023-08-04 17:02:26,8305,SUCCESS,42899056739,65.65,10
85-6,2023-08-04 17:02:26,8305,SUCCESS,42899056739,65.65,10
85-7,2023-08-04 17:02:26,8305,SUCCESS,42899056739,65.65,10
85-8,2023-08-04 17:02:26,8305,SUCCESS,42899056739,65.65,10
85-9,2023-08-04 17:02:26,8305,SUCCESS,42899056739,65.65,10
85-10,2023-08-04 17:02:26,8305,SUCCESS,42899056739,65.65,10
86-1,2023-08-04 17:02:54,8333,SUCCESS,43815124916,67.05,10
86-2,2023-08-04 17:02:54,8333,SUCCESS,42899056739,65.65,10
86-3,2023-08-04 17:02:54,8333,SUCCESS,42899056739,65.65,10
86-4,2023-08-04 17:03:31,8370,SUCCESS,58547576396,89.6,8
86-5,2023-08-04 17:03:31,8370,SUCCESS,42899056739,65.65,10
86-6,2023-08-04 17:03:31,8370,SUCCESS,42899056739,65.65,10
86-7,2023-08-04 17:03:59,8398,SUCCESS,42832847799,65.55,11
86-8,2023-08-04 17:03:59,8398,SUCCESS,42899056739,65.65,10
86-9,2023-08-04 17:03:59,8398,SUCCESS,42899056739,65.65,10
86-10,2023-08-04 17:03:59,8398,SUCCESS,42899056739,65.65,10
87-1,2023-08-04 17:04:27,8426,SUCCESS,42833134352,65.55,11
87-2,2023-08-04 17:04:55,8454,SUCCESS,42864305148,65.6,11
87-3,2023-08-04 17:04:55,8454,SUCCESS,42899056739,65.65,10
87-4,2023-08-04 17:05:44,8503,RUN_TIMEOUT,None,None,None
87-5,2023-08-04 17:06:33,8552,RUN_TIMEOUT,None,None,None
87-6,2023-08-04 17:06:33,8552,SUCCESS,42899056739,65.65,10
87-7,2023-08-04 17:07:01,8580,SUCCESS,42828938605,65.54,11
87-8,2023-08-04 17:07:29,8608,SUCCESS,42829597390,65.54,11
87-9,2023-08-04 17:07:29,8608,SUCCESS,42899056739,65.65,10
87-10,2023-08-04 17:07:29,8608,SUCCESS,42899056739,65.65,10
88-1,2023-08-04 17:07:29,8608,SUCCESS,42828938605,65.54,11
88-2,2023-08-04 17:07:29,8608,SUCCESS,42829597390,65.54,11
88-3,2023-08-04 17:07:29,8608,SUCCESS,42833134352,65.55,11
88-4,2023-08-04 17:07:29,8608,SUCCESS,42829597390,65.54,11
88-5,2023-08-04 17:08:19,8658,RUN_TIMEOUT,None,None,None
88-6,2023-08-04 17:08:19,8658,SUCCESS,42828938605,65.54,11
88-7,2023-08-04 17:08:19,8658,SUCCESS,42828938605,65.54,11
88-8,2023-08-04 17:08:19,8658,SUCCESS,42829597390,65.54,11
88-9,2023-08-04 17:08:56,8695,SUCCESS,58497639273,89.52,11
88-10,2023-08-04 17:08:56,8695,SUCCESS,42829597390,65.54,11
89-1,2023-08-04 17:08:56,8695,SUCCESS,42828938605,65.54,11
89-2,2023-08-04 17:08:56,8695,SUCCESS,42828938605,65.54,11
89-3,2023-08-04 17:08:56,8695,SUCCESS,42828938605,65.54,11
89-4,2023-08-04 17:09:22,8721,SUCCESS,39020021226,59.71,12
89-5,2023-08-04 17:09:22,8721,SUCCESS,42828938605,65.54,11
89-6,2023-08-04 17:09:22,8721,SUCCESS,42828938605,65.54,11
89-7,2023-08-04 17:09:22,8721,SUCCESS,42829597390,65.54,11
89-8,2023-08-04 17:09:22,8721,SUCCESS,42829597390,65.54,11
89-9,2023-08-04 17:09:22,8721,SUCCESS,42828938605,65.54,11
89-10,2023-08-04 17:09:22,8721,SUCCESS,42828938605,65.54,11
90-1,2023-08-04 17:09:54,8753,SUCCESS,50596264159,77.43,12
90-2,2023-08-04 17:10:25,8784,SUCCESS,46556519428,71.25,12
90-3,2023-08-04 17:10:25,8784,SUCCESS,42828938605,65.54,11
90-4,2023-08-04 17:10:25,8784,SUCCESS,42828938605,65.54,11
90-5,2023-08-04 17:10:25,8784,SUCCESS,39020021226,59.71,12
90-6,2023-08-04 17:10:55,8814,SUCCESS,45590956101,69.77,11
90-7,2023-08-04 17:10:55,8814,SUCCESS,42828938605,65.54,11
90-8,2023-08-04 17:10:55,8814,SUCCESS,42828938605,65.54,11
90-9,2023-08-04 17:11:32,8851,SUCCESS,60208611513,92.14,11
90-10,2023-08-04 17:11:32,8851,SUCCESS,42828938605,65.54,11
91-1,2023-08-04 17:12:21,8900,RUN_TIMEOUT,None,None,None
91-2,2023-08-04 17:13:03,8942,SUCCESS,64787475329,99.14,12
91-3,2023-08-04 17:13:03,8942,SUCCESS,42828938605,65.54,11
91-4,2023-08-04 17:13:03,8942,SUCCESS,42828938605,65.54,11
91-5,2023-08-04 17:13:30,8969,SUCCESS,42831327764,65.55,12
91-6,2023-08-04 17:14:01,9000,SUCCESS,49446206832,75.67,12
91-7,2023-08-04 17:14:29,9028,SUCCESS,42872408475,65.61,11
91-8,2023-08-04 17:14:54,9053,SUCCESS,38998549662,59.68,12
91-9,2023-08-04 17:14:54,9053,SUCCESS,39020021226,59.71,12
91-10,2023-08-04 17:14:54,9053,SUCCESS,39020021226,59.71,12
92-1,2023-08-04 17:15:22,9081,SUCCESS,42519369867,65.07,13
92-2,2023-08-04 17:15:22,9081,SUCCESS,39020021226,59.71,12
92-3,2023-08-04 17:15:22,9081,SUCCESS,42828938605,65.54,11
92-4,2023-08-04 17:15:22,9081,SUCCESS,39020021226,59.71,12
92-5,2023-08-04 17:15:22,9081,SUCCESS,42828938605,65.54,11
92-6,2023-08-04 17:15:22,9081,SUCCESS,42828938605,65.54,11
92-7,2023-08-04 17:15:55,9114,SUCCESS,52477493129,80.31,12
92-8,2023-08-04 17:16:34,9153,SUCCESS,63362175475,96.96,12
92-9,2023-08-04 17:16:34,9153,SUCCESS,42828938605,65.54,11
92-10,2023-08-04 17:17:01,9180,SUCCESS,41616069601,63.69,12
93-1,2023-08-04 17:17:01,9180,SUCCESS,39020021226,59.71,12
93-2,2023-08-04 17:17:01,9180,SUCCESS,39020021226,59.71,12
93-3,2023-08-04 17:17:36,9215,SUCCESS,56308717358,86.17,13
93-4,2023-08-04 17:18:05,9244,SUCCESS,45419967880,69.51,13
93-5,2023-08-04 17:18:05,9244,SUCCESS,41616069601,63.69,12
93-6,2023-08-04 17:18:39,9278,SUCCESS,53384208700,81.69,13
93-7,2023-08-04 17:18:39,9278,SUCCESS,39020021226,59.71,12
93-8,2023-08-04 17:19:20,9319,SUCCESS,65927288420,100.89,12
93-9,2023-08-04 17:19:20,9319,SUCCESS,39020021226,59.71,12
93-10,2023-08-04 17:19:20,9319,SUCCESS,42828938605,65.54,11
94-1,2023-08-04 17:19:20,9319,SUCCESS,39020021226,59.71,12
94-2,2023-08-04 17:19:20,9319,SUCCESS,39020021226,59.71,12
94-3,2023-08-04 17:19:59,9358,SUCCESS,62667377594,95.9,13
94-4,2023-08-04 17:20:39,9398,SUCCESS,63206685121,96.73,12
94-5,2023-08-04 17:21:07,9426,SUCCESS,44767593687,68.51,14
94-6,2023-08-04 17:21:37,9456,SUCCESS,47947052316,73.37,12
94-7,2023-08-04 17:21:37,9456,SUCCESS,39020021226,59.71,12
94-8,2023-08-04 17:21:37,9456,SUCCESS,39020021226,59.71,12
94-9,2023-08-04 17:22:15,9494,SUCCESS,59249744384,90.67,14
94-10,2023-08-04 17:22:46,9525,SUCCESS,48854685680,74.76,15
95-1,2023-08-04 17:22:46,9525,SUCCESS,39020021226,59.71,12
95-2,2023-08-04 17:22:46,9525,SUCCESS,39020021226,59.71,12
95-3,2023-08-04 17:23:19,9558,SUCCESS,51821440105,79.3,13
95-4,2023-08-04 17:23:19,9558,SUCCESS,39020021226,59.71,12
95-5,2023-08-04 17:23:19,9558,SUCCESS,39020021226,59.71,12
95-6,2023-08-04 17:23:46,9585,SUCCESS,40831007423,62.48,12
95-7,2023-08-04 17:23:46,9585,SUCCESS,39020021226,59.71,12
95-8,2023-08-04 17:23:46,9585,SUCCESS,39020021226,59.71,12
95-9,2023-08-04 17:23:46,9585,SUCCESS,39020021226,59.71,12
95-10,2023-08-04 17:24:12,9611,SUCCESS,39023187884,59.72,11
96-1,2023-08-04 17:24:12,9611,SUCCESS,39020021226,59.71,12
96-2,2023-08-04 17:24:12,9611,SUCCESS,39020021226,59.71,12
96-3,2023-08-04 17:24:12,9611,SUCCESS,39020021226,59.71,12
96-4,2023-08-04 17:24:12,9611,SUCCESS,39020021226,59.71,12
96-5,2023-08-04 17:24:12,9611,SUCCESS,39020021226,59.71,12
96-6,2023-08-04 17:24:12,9611,SUCCESS,39020021226,59.71,12
96-7,2023-08-04 17:24:12,9611,SUCCESS,39020021226,59.71,12
96-8,2023-08-04 17:24:12,9611,SUCCESS,39020021226,59.71,12
96-9,2023-08-04 17:24:12,9611,SUCCESS,39020021226,59.71,12
96-10,2023-08-04 17:24:12,9611,SUCCESS,39020021226,59.71,12
97-1,2023-08-04 17:24:12,9611,SUCCESS,39020021226,59.71,12
97-2,2023-08-04 17:24:12,9611,SUCCESS,39020021226,59.71,12
97-3,2023-08-04 17:24:12,9611,SUCCESS,39020021226,59.71,12
97-4,2023-08-04 17:24:12,9611,SUCCESS,39020021226,59.71,12
97-5,2023-08-04 17:24:12,9611,SUCCESS,39020021226,59.71,12
97-6,2023-08-04 17:24:12,9611,SUCCESS,39020021226,59.71,12
97-7,2023-08-04 17:24:12,9611,SUCCESS,39020021226,59.71,12
97-8,2023-08-04 17:24:12,9611,SUCCESS,39020021226,59.71,12
97-9,2023-08-04 17:24:12,9611,SUCCESS,39020021226,59.71,12
97-10,2023-08-04 17:24:12,9611,SUCCESS,39020021226,59.71,12
98-1,2023-08-04 17:24:12,9611,SUCCESS,39020021226,59.71,12
98-2,2023-08-04 17:24:12,9611,SUCCESS,39020021226,59.71,12
98-3,2023-08-04 17:24:44,9643,SUCCESS,51159781994,78.29,13
98-4,2023-08-04 17:24:44,9643,SUCCESS,39020021226,59.71,12
98-5,2023-08-04 17:24:44,9643,SUCCESS,39020021226,59.71,12
98-6,2023-08-04 17:24:44,9643,SUCCESS,39020021226,59.71,12
98-7,2023-08-04 17:24:44,9643,SUCCESS,39020021226,59.71,12
98-8,2023-08-04 17:24:44,9643,SUCCESS,39020021226,59.71,12
98-9,2023-08-04 17:25:33,9692,RUN_TIMEOUT,None,None,None
98-10,2023-08-04 17:25:33,9692,SUCCESS,39020021226,59.71,12
99-1,2023-08-04 17:25:59,9718,SUCCESS,38967269589,59.63,12
99-2,2023-08-04 17:25:59,9718,SUCCESS,39020021226,59.71,12
99-3,2023-08-04 17:25:59,9718,SUCCESS,39020021226,59.71,12
99-4,2023-08-04 17:25:59,9718,SUCCESS,39020021226,59.71,12
99-5,2023-08-04 17:25:59,9718,SUCCESS,39020021226,59.71,12
99-6,2023-08-04 17:26:29,9748,SUCCESS,45511151575,69.65,12
99-7,2023-08-04 17:26:29,9748,SUCCESS,39020021226,59.71,12
99-8,2023-08-04 17:26:29,9748,SUCCESS,39020021226,59.71,12
99-9,2023-08-04 17:26:29,9748,SUCCESS,39020021226,59.71,12
99-10,2023-08-04 17:26:29,9748,SUCCESS,39020021226,59.71,12
100-1,2023-08-04 17:26:54,9773,SUCCESS,39009241785,59.7,12
100-2,2023-08-04 17:27:20,9799,SUCCESS,38979479813,59.65,12
100-3,2023-08-04 17:27:20,9799,SUCCESS,39020021226,59.71,12
100-4,2023-08-04 17:27:20,9799,SUCCESS,38967269589,59.63,12
100-5,2023-08-04 17:27:20,9799,SUCCESS,38967269589,59.63,12
100-6,2023-08-04 17:27:20,9799,SUCCESS,38967269589,59.63,12
100-7,2023-08-04 17:27:20,9799,SUCCESS,39020021226,59.71,12
100-8,2023-08-04 17:27:20,9799,SUCCESS,38967269589,59.63,12
100-9,2023-08-04 17:27:20,9799,SUCCESS,38967269589,59.63,12
100-10,2023-08-04 17:27:20,9799,SUCCESS,39020021226,59.71,12
101-1,2023-08-04 17:27:20,9799,SUCCESS,38967269589,59.63,12
101-2,2023-08-04 17:27:20,9799,SUCCESS,38967269589,59.63,12
101-3,2023-08-04 17:28:09,9848,RUN_TIMEOUT,None,None,None
101-4,2023-08-04 17:28:09,9848,SUCCESS,38967269589,59.63,12
101-5,2023-08-04 17:28:09,9848,SUCCESS,38967269589,59.63,12
101-6,2023-08-04 17:28:09,9848,SUCCESS,38967269589,59.63,12
101-7,2023-08-04 17:28:09,9848,SUCCESS,38967269589,59.63,12
101-8,2023-08-04 17:28:09,9848,SUCCESS,38967269589,59.63,12
101-9,2023-08-04 17:28:09,9848,SUCCESS,38967269589,59.63,12
101-10,2023-08-04 17:28:09,9848,SUCCESS,38967269589,59.63,12
102-1,2023-08-04 17:28:09,9848,SUCCESS,38967269589,59.63,12
102-2,2023-08-04 17:28:09,9848,SUCCESS,38967269589,59.63,12
102-3,2023-08-04 17:28:42,9881,SUCCESS,51763900593,79.21,13
102-4,2023-08-04 17:28:42,9881,SUCCESS,38967269589,59.63,12
102-5,2023-08-04 17:28:42,9881,SUCCESS,38967269589,59.63,12
102-6,2023-08-04 17:28:42,9881,SUCCESS,38967269589,59.63,12
102-7,2023-08-04 17:28:42,9881,SUCCESS,38967269589,59.63,12
102-8,2023-08-04 17:28:42,9881,SUCCESS,38967269589,59.63,12
102-9,2023-08-04 17:28:42,9881,SUCCESS,38967269589,59.63,12
102-10,2023-08-04 17:28:42,9881,SUCCESS,38967269589,59.63,12
103-1,2023-08-04 17:28:42,9881,SUCCESS,38967269589,59.63,12
103-2,2023-08-04 17:28:42,9881,SUCCESS,38967269589,59.63,12
103-3,2023-08-04 17:28:42,9881,SUCCESS,38967269589,59.63,12
103-4,2023-08-04 17:28:42,9881,SUCCESS,38967269589,59.63,12
103-5,2023-08-04 17:28:42,9881,SUCCESS,38967269589,59.63,12
103-6,2023-08-04 17:29:24,9923,SUCCESS,63945552362,97.86,16
103-7,2023-08-04 17:29:24,9923,SUCCESS,38967269589,59.63,12
103-8,2023-08-04 17:30:13,9972,RUN_TIMEOUT,None,None,None
103-9,2023-08-04 17:30:13,9972,SUCCESS,38967269589,59.63,12
103-10,2023-08-04 17:30:13,9972,SUCCESS,38967269589,59.63,12
104-1,2023-08-04 17:30:13,9972,SUCCESS,38967269589,59.63,12
104-2,2023-08-04 17:30:13,9972,SUCCESS,38967269589,59.63,12
104-3,2023-08-04 17:30:13,9972,SUCCESS,38967269589,59.63,12
104-4,2023-08-04 17:30:13,9972,SUCCESS,38967269589,59.63,12
104-5,2023-08-04 17:30:13,9972,SUCCESS,38967269589,59.63,12
104-6,2023-08-04 17:30:13,9972,SUCCESS,38967269589,59.63,12
104-7,2023-08-04 17:31:02,10021,RUN_TIMEOUT,None,None,None
104-8,2023-08-04 17:31:02,10021,SUCCESS,38967269589,59.63,12
104-9,2023-08-04 17:31:02,10021,SUCCESS,38967269589,59.63,12
104-10,2023-08-04 17:31:43,10062,SUCCESS,64397575495,98.55,12
105-1,2023-08-04 17:31:43,10062,SUCCESS,38967269589,59.63,12
105-2,2023-08-04 17:31:43,10062,SUCCESS,38967269589,59.63,12
105-3,2023-08-04 17:32:25,10104,SUCCESS,66605766278,101.93,14
105-4,2023-08-04 17:32:25,10104,SUCCESS,38967269589,59.63,12
105-5,2023-08-04 17:32:25,10104,SUCCESS,38967269589,59.63,12
105-6,2023-08-04 17:33:14,10153,RUN_TIMEOUT,None,None,None
105-7,2023-08-04 17:33:14,10153,SUCCESS,38967269589,59.63,12
105-8,2023-08-04 17:33:14,10153,SUCCESS,38967269589,59.63,12
105-9,2023-08-04 17:33:15,10154,SUCCESS,38967269589,59.63,12
105-10,2023-08-04 17:33:15,10154,SUCCESS,38967269589,59.63,12
106-1,2023-08-04 17:33:15,10154,SUCCESS,38967269589,59.63,12
106-2,2023-08-04 17:33:15,10154,SUCCESS,38967269589,59.63,12
106-3,2023-08-04 17:34:04,10203,RUN_TIMEOUT,None,None,None
106-4,2023-08-04 17:34:33,10232,SUCCESS,46260904171,70.79,13
106-5,2023-08-04 17:34:33,10232,SUCCESS,38967269589,59.63,12
106-6,2023-08-04 17:34:33,10232,SUCCESS,38967269589,59.63,12
106-7,2023-08-04 17:34:33,10232,SUCCESS,38967269589,59.63,12
106-8,2023-08-04 17:34:59,10258,SUCCESS,38993849392,59.67,12
106-9,2023-08-04 17:34:59,10258,SUCCESS,38967269589,59.63,12
106-10,2023-08-04 17:34:59,10258,SUCCESS,38967269589,59.63,12
107-1,2023-08-04 17:34:59,10258,SUCCESS,38967269589,59.63,12
107-2,2023-08-04 17:34:59,10258,SUCCESS,38967269589,59.63,12
107-3,2023-08-04 17:34:59,10258,SUCCESS,38967269589,59.63,12
107-4,2023-08-04 17:34:59,10258,SUCCESS,38967269589,59.63,12
107-5,2023-08-04 17:34:59,10258,SUCCESS,38967269589,59.63,12
107-6,2023-08-04 17:34:59,10258,SUCCESS,38967269589,59.63,12
107-7,2023-08-04 17:35:48,10307,RUN_TIMEOUT,None,None,None
107-8,2023-08-04 17:35:48,10307,SUCCESS,38967269589,59.63,12
107-9,2023-08-04 17:35:48,10307,SUCCESS,38967269589,59.63,12
107-10,2023-08-04 17:35:48,10307,SUCCESS,38967269589,59.63,12
108-1,2023-08-04 17:35:48,10307,SUCCESS,38967269589,59.63,12
108-2,2023-08-04 17:35:48,10307,SUCCESS,38967269589,59.63,12
108-3,2023-08-04 17:35:48,10307,SUCCESS,38967269589,59.63,12
108-4,2023-08-04 17:36:20,10339,SUCCESS,49788860619,76.19,13
108-5,2023-08-04 17:36:57,10376,SUCCESS,57698909109,88.3,14
108-6,2023-08-04 17:37:28,10407,SUCCESS,48290986103,73.9,11
108-7,2023-08-04 17:37:28,10407,SUCCESS,38967269589,59.63,12
108-8,2023-08-04 17:37:28,10407,SUCCESS,38967269589,59.63,12
108-9,2023-08-04 17:37:28,10407,SUCCESS,38967269589,59.63,12
108-10,2023-08-04 17:37:28,10407,SUCCESS,38967269589,59.63,12
109-1,2023-08-04 17:37:28,10407,SUCCESS,38967269589,59.63,12
109-2,2023-08-04 17:38:17,10456,RUN_TIMEOUT,None,None,None
109-3,2023-08-04 17:38:17,10456,SUCCESS,38967269589,59.63,12
109-4,2023-08-04 17:38:17,10456,SUCCESS,38967269589,59.63,12
109-5,2023-08-04 17:38:17,10456,SUCCESS,38967269589,59.63,12
109-6,2023-08-04 17:38:17,10456,SUCCESS,38967269589,59.63,12
109-7,2023-08-04 17:38:17,10456,SUCCESS,38967269589,59.63,12
109-8,2023-08-04 17:38:46,10485,SUCCESS,44932303669,68.76,12
109-9,2023-08-04 17:38:46,10485,SUCCESS,38967269589,59.63,12
109-10,2023-08-04 17:38:46,10485,SUCCESS,38967269589,59.63,12
110-1,2023-08-04 17:38:46,10485,SUCCESS,38967269589,59.63,12
110-2,2023-08-04 17:38:46,10485,SUCCESS,38967269589,59.63,12
110-3,2023-08-04 17:39:19,10518,SUCCESS,51160236800,78.29,11
110-4,2023-08-04 17:39:19,10518,SUCCESS,38967269589,59.63,12
110-5,2023-08-04 17:39:19,10518,SUCCESS,38967269589,59.63,12
110-6,2023-08-04 17:39:19,10518,SUCCESS,38967269589,59.63,12
110-7,2023-08-04 17:39:19,10518,SUCCESS,38967269589,59.63,12
110-8,2023-08-04 17:39:19,10518,SUCCESS,38967269589,59.63,12
110-9,2023-08-04 17:39:19,10518,SUCCESS,38967269589,59.63,12
110-10,2023-08-04 17:39:20,10519,SUCCESS,38967269589,59.63,12
111-1,2023-08-04 17:39:20,10519,SUCCESS,38967269589,59.63,12
111-2,2023-08-04 17:39:52,10551,SUCCESS,50744219325,77.65,14
111-3,2023-08-04 17:39:52,10551,SUCCESS,38967269589,59.63,12
111-4,2023-08-04 17:39:52,10551,SUCCESS,38967269589,59.63,12
111-5,2023-08-04 17:39:52,10551,SUCCESS,38967269589,59.63,12
111-6,2023-08-04 17:39:52,10551,SUCCESS,38967269589,59.63,12
111-7,2023-08-04 17:39:52,10551,SUCCESS,38967269589,59.63,12
111-8,2023-08-04 17:40:42,10601,RUN_TIMEOUT,None,None,None
111-9,2023-08-04 17:40:42,10601,SUCCESS,38967269589,59.63,12
111-10,2023-08-04 17:40:42,10601,SUCCESS,38967269589,59.63,12
112-1,2023-08-04 17:40:42,10601,SUCCESS,38967269589,59.63,12
112-2,2023-08-04 17:41:13,10632,SUCCESS,49936887106,76.42,13
112-3,2023-08-04 17:41:13,10632,SUCCESS,38967269589,59.63,12
112-4,2023-08-04 17:41:13,10632,SUCCESS,38967269589,59.63,12
112-5,2023-08-04 17:41:42,10661,SUCCESS,43301869089,66.27,13
112-6,2023-08-04 17:41:42,10661,SUCCESS,38967269589,59.63,12
112-7,2023-08-04 17:41:42,10661,SUCCESS,38967269589,59.63,12
112-8,2023-08-04 17:41:42,10661,SUCCESS,38967269589,59.63,12
112-9,2023-08-04 17:42:14,10693,SUCCESS,50845860138,77.81,14
112-10,2023-08-04 17:42:14,10693,SUCCESS,38967269589,59.63,12
113-1,2023-08-04 17:42:14,10693,SUCCESS,38967269589,59.63,12
113-2,2023-08-04 17:42:14,10693,SUCCESS,38967269589,59.63,12
113-3,2023-08-04 17:42:14,10693,SUCCESS,38967269589,59.63,12
113-4,2023-08-04 17:42:43,10722,SUCCESS,43233657760,66.16,14
113-5,2023-08-04 17:42:43,10722,SUCCESS,38967269589,59.63,12
113-6,2023-08-04 17:42:43,10722,SUCCESS,38967269589,59.63,12
113-7,2023-08-04 17:42:43,10722,SUCCESS,38967269589,59.63,12
113-8,2023-08-04 17:42:43,10722,SUCCESS,38967269589,59.63,12
113-9,2023-08-04 17:42:43,10722,SUCCESS,38967269589,59.63,12
113-10,2023-08-04 17:42:43,10722,SUCCESS,38967269589,59.63,12
114-1,2023-08-04 17:42:43,10722,SUCCESS,38967269589,59.63,12
114-2,2023-08-04 17:42:43,10722,SUCCESS,38967269589,59.63,12
114-3,2023-08-04 17:42:43,10722,SUCCESS,38967269589,59.63,12
114-4,2023-08-04 17:43:21,10760,SUCCESS,59066623855,90.39,14
114-5,2023-08-04 17:43:21,10760,SUCCESS,38967269589,59.63,12
114-6,2023-08-04 17:43:21,10760,SUCCESS,38967269589,59.63,12
114-7,2023-08-04 17:44:10,10809,RUN_TIMEOUT,None,None,None
114-8,2023-08-04 17:44:39,10838,SUCCESS,44992117786,68.85,12
114-9,2023-08-04 17:44:39,10838,SUCCESS,38967269589,59.63,12
114-10,2023-08-04 17:44:39,10838,SUCCESS,38967269589,59.63,12
115-1,2023-08-04 17:44:39,10838,SUCCESS,38967269589,59.63,12
115-2,2023-08-04 17:44:39,10838,SUCCESS,38967269589,59.63,12
115-3,2023-08-04 17:44:39,10838,SUCCESS,38967269589,59.63,12
115-4,2023-08-04 17:44:39,10838,SUCCESS,38967269589,59.63,12
115-5,2023-08-04 17:44:39,10838,SUCCESS,38967269589,59.63,12
115-6,2023-08-04 17:44:40,10839,SUCCESS,38967269589,59.63,12
115-7,2023-08-04 17:44:40,10839,SUCCESS,38967269589,59.63,12
115-8,2023-08-04 17:44:40,10839,SUCCESS,38967269589,59.63,12
115-9,2023-08-04 17:44:40,10839,SUCCESS,38967269589,59.63,12
115-10,2023-08-04 17:44:40,10839,SUCCESS,38967269589,59.63,13
116-1,2023-08-04 17:44:40,10839,SUCCESS,38967269589,59.63,12
116-2,2023-08-04 17:45:29,10888,RUN_TIMEOUT,None,None,None
116-3,2023-08-04 17:45:29,10888,SUCCESS,38967269589,59.63,13
116-4,2023-08-04 17:45:29,10888,SUCCESS,38967269589,59.63,13
116-5,2023-08-04 17:46:18,10937,RUN_TIMEOUT,None,None,None
116-6,2023-08-04 17:46:18,10937,SUCCESS,38967269589,59.63,12
116-7,2023-08-04 17:47:07,10986,RUN_TIMEOUT,None,None,None
116-8,2023-08-04 17:47:08,10987,SUCCESS,38967269589,59.63,12
116-9,2023-08-04 17:47:35,11014,SUCCESS,43627056267,66.76,12
116-10,2023-08-04 17:48:07,11046,SUCCESS,51114328382,78.22,13
117-1,2023-08-04 17:48:08,11047,SUCCESS,38967269589,59.63,13
117-2,2023-08-04 17:48:08,11047,SUCCESS,38967269589,59.63,12
117-3,2023-08-04 17:48:35,11074,SUCCESS,41857822592,64.06,12
117-4,2023-08-04 17:49:05,11104,SUCCESS,46240750073,70.76,12
117-5,2023-08-04 17:49:05,11104,SUCCESS,38967269589,59.63,13
117-6,2023-08-04 17:49:05,11104,SUCCESS,38967269589,59.63,13
117-7,2023-08-04 17:49:05,11104,SUCCESS,38967269589,59.63,12
117-8,2023-08-04 17:49:05,11104,SUCCESS,38967269589,59.63,12
117-9,2023-08-04 17:49:05,11104,SUCCESS,38967269589,59.63,13
117-10,2023-08-04 17:49:54,11153,RUN_TIMEOUT,None,None,None
118-1,2023-08-04 17:49:54,11153,SUCCESS,38967269589,59.63,13
118-2,2023-08-04 17:49:54,11153,SUCCESS,38967269589,59.63,13
118-3,2023-08-04 17:50:43,11202,RUN_TIMEOUT,None,None,None
118-4,2023-08-04 17:50:43,11202,SUCCESS,38967269589,59.63,13
118-5,2023-08-04 17:50:43,11202,SUCCESS,38967269589,59.63,13
118-6,2023-08-04 17:51:32,11251,RUN_TIMEOUT,None,None,None
118-7,2023-08-04 17:51:32,11251,SUCCESS,38967269589,59.63,12
118-8,2023-08-04 17:52:22,11301,RUN_TIMEOUT,None,None,None
118-9,2023-08-04 17:52:57,11336,SUCCESS,54350230311,83.17,15
