variant_number,timestamp,time_elapse,status,fitness,percentage,edit,ParamSetting,StmtInsertion,StmtDeletion,StmtReplacement
-1,2023-08-03 04:16:50,0,INITIAL SUCCESS,60630587987,100,0,0,0,0,0
1,2023-08-03 04:16:53,50,RUN_CODE_ERROR,None,None,1,0,1,0,0
2,2023-08-03 04:16:54,51,COMPILE_CODE_ERROR,None,None,1,0,0,1,0
3,2023-08-03 04:16:54,51,COMPILE_CODE_ERROR,None,None,1,0,1,0,0
4,2023-08-03 04:17:33,90,SUCCESS,60659054343,100.05,1,0,0,1,0
5,2023-08-03 04:17:34,91,COMPILE_CODE_ERROR,None,None,1,0,0,1,0
6,2023-08-03 04:17:37,94,RUN_CODE_ERROR,None,None,1,0,1,0,0
7,2023-08-03 04:17:40,97,RUN_CODE_ERROR,None,None,1,0,0,0,1
8,2023-08-03 04:18:19,136,SUCCESS,60643993700,100.02,1,0,1,0,0
9,2023-08-03 04:18:22,139,RUN_CODE_ERROR,None,None,1,0,0,1,0
10,2023-08-03 04:18:23,140,COMPILE_CODE_ERROR,None,None,1,0,0,0,1
11,2023-08-03 04:19:01,178,SUCCESS,60722601518,100.15,1,0,0,1,0
12,2023-08-03 04:19:06,183,RUN_CODE_ERROR,None,None,1,0,0,1,0
13,2023-08-03 04:19:06,183,COMPILE_CODE_ERROR,None,None,1,0,1,0,0
14,2023-08-03 04:19:46,223,SUCCESS,60014505534,98.98,1,0,0,1,0
15,2023-08-03 04:19:47,224,COMPILE_CODE_ERROR,None,None,2,0,0,1,1
16,2023-08-03 04:19:47,224,SUCCESS,60630587987,100.0,0,0,0,0,0
17,2023-08-03 04:19:47,224,COMPILE_CODE_ERROR,None,None,2,0,1,1,0
18,2023-08-03 04:19:48,225,COMPILE_CODE_ERROR,None,None,2,0,0,1,1
19,2023-08-03 04:19:48,225,COMPILE_CODE_ERROR,None,None,2,0,1,1,0
20,2023-08-03 04:20:28,265,SUCCESS,59971201255,98.91,2,0,0,2,0
21,2023-08-03 04:20:28,265,SUCCESS,60014505534,98.98,1,0,0,1,0
22,2023-08-03 04:20:28,265,COMPILE_CODE_ERROR,None,None,3,0,1,2,0
23,2023-08-03 04:21:07,304,SUCCESS,60643798790,100.02,1,0,0,1,0
24,2023-08-03 04:21:10,307,RUN_CODE_ERROR,None,None,3,0,0,2,1
25,2023-08-03 04:21:11,308,COMPILE_CODE_ERROR,None,None,3,0,1,2,0
26,2023-08-03 04:21:51,348,SUCCESS,59992080127,98.95,3,0,1,2,0
27,2023-08-03 04:22:31,388,SUCCESS,59995861389,98.95,3,0,0,2,1
28,2023-08-03 04:23:10,427,SUCCESS,59986558739,98.94,3,0,0,2,1
29,2023-08-03 04:23:51,468,SUCCESS,59990825609,98.94,3,0,0,3,0
30,2023-08-03 04:24:30,507,SUCCESS,59998604869,98.96,3,0,1,2,0
31,2023-08-03 04:24:34,511,RUN_CODE_ERROR,None,None,3,0,0,3,0
32,2023-08-03 04:25:13,550,SUCCESS,60012981094,98.98,3,0,0,2,1
33,2023-08-03 04:25:14,551,COMPILE_CODE_ERROR,None,None,3,0,0,3,0
34,2023-08-03 04:25:17,554,RUN_CODE_ERROR,None,None,3,0,0,2,1
35,2023-08-03 04:25:18,555,COMPILE_CODE_ERROR,None,None,3,0,0,3,0
36,2023-08-03 04:25:18,555,COMPILE_CODE_ERROR,None,None,3,0,1,2,0
37,2023-08-03 04:25:58,595,SUCCESS,59995744836,98.95,3,0,0,3,0
38,2023-08-03 04:25:58,595,COMPILE_CODE_ERROR,None,None,3,0,0,2,1
39,2023-08-03 04:26:38,635,SUCCESS,60005713832,98.97,3,0,0,3,0
40,2023-08-03 04:26:38,635,COMPILE_CODE_ERROR,None,None,3,0,0,3,0
41,2023-08-03 04:27:17,674,SUCCESS,59995095804,98.95,3,0,0,3,0
42,2023-08-03 04:27:56,713,SUCCESS,59994893451,98.95,3,0,0,2,1
43,2023-08-03 04:27:57,714,COMPILE_CODE_ERROR,None,None,3,0,1,2,0
44,2023-08-03 04:28:42,759,SUCCESS,76781221221,126.64,3,0,1,2,0
45,2023-08-03 04:28:45,762,RUN_CODE_ERROR,None,None,3,0,0,3,0
46,2023-08-03 04:28:45,762,COMPILE_CODE_ERROR,None,None,3,0,1,2,0
47,2023-08-03 04:28:46,763,COMPILE_CODE_ERROR,None,None,3,0,0,2,1
48,2023-08-03 04:28:46,763,COMPILE_CODE_ERROR,None,None,3,0,0,2,1
49,2023-08-03 04:28:47,764,COMPILE_CODE_ERROR,None,None,3,0,0,2,1
50,2023-08-03 04:29:27,804,SUCCESS,60029200370,99.01,3,0,0,3,0
51,2023-08-03 04:30:07,844,SUCCESS,59988986268,98.94,3,0,0,3,0
52,2023-08-03 04:30:08,845,COMPILE_CODE_ERROR,None,None,3,0,0,3,0
53,2023-08-03 04:30:08,845,COMPILE_CODE_ERROR,None,None,3,0,0,2,1
54,2023-08-03 04:30:09,846,COMPILE_CODE_ERROR,None,None,3,0,1,2,0
55,2023-08-03 04:30:12,849,RUN_CODE_ERROR,None,None,3,0,0,3,0
56,2023-08-03 04:30:50,887,SUCCESS,56322327602,92.89,3,0,0,3,0
57,2023-08-03 04:30:50,887,COMPILE_CODE_ERROR,None,None,4,0,0,3,1
58,2023-08-03 04:31:29,926,SUCCESS,56334806763,92.91,2,0,0,2,0
59,2023-08-03 04:32:07,964,SUCCESS,56321504037,92.89,4,0,0,4,0
60,2023-08-03 04:32:07,964,COMPILE_CODE_ERROR,None,None,5,0,1,4,0
61,2023-08-03 04:32:47,1004,SUCCESS,60018250073,98.99,3,0,0,3,0
62,2023-08-03 04:32:47,1004,SUCCESS,56322327602,92.89,3,0,0,3,0
63,2023-08-03 04:33:24,1041,SUCCESS,56330983128,92.91,3,0,0,3,0
64,2023-08-03 04:34:03,1080,SUCCESS,63079294328,104.04,3,0,0,3,0
65,2023-08-03 04:34:07,1084,RUN_CODE_ERROR,None,None,5,0,0,5,0
66,2023-08-03 04:34:07,1084,COMPILE_CODE_ERROR,None,None,5,0,0,4,1
67,2023-08-03 04:34:07,1084,COMPILE_CODE_ERROR,None,None,5,0,0,4,1
68,2023-08-03 04:34:08,1085,COMPILE_CODE_ERROR,None,None,5,0,0,4,1
69,2023-08-03 04:34:11,1088,RUN_CODE_ERROR,None,None,5,0,0,5,0
70,2023-08-03 04:34:12,1089,COMPILE_CODE_ERROR,None,None,5,0,1,4,0
71,2023-08-03 04:34:50,1127,SUCCESS,56327457176,92.9,5,0,0,5,0
72,2023-08-03 04:34:50,1127,COMPILE_CODE_ERROR,None,None,5,0,0,4,1
73,2023-08-03 04:34:50,1127,COMPILE_CODE_ERROR,None,None,5,0,0,4,1
74,2023-08-03 04:34:51,1128,COMPILE_CODE_ERROR,None,None,5,0,0,4,1
75,2023-08-03 04:35:29,1166,SUCCESS,56319359799,92.89,5,0,0,4,1
76,2023-08-03 04:35:30,1167,COMPILE_CODE_ERROR,None,None,6,0,0,4,2
77,2023-08-03 04:35:33,1170,RUN_CODE_ERROR,None,None,6,0,0,5,1
78,2023-08-03 04:36:13,1210,SUCCESS,59988187247,98.94,4,0,0,3,1
79,2023-08-03 04:36:14,1211,COMPILE_CODE_ERROR,None,None,6,0,0,4,2
80,2023-08-03 04:36:52,1249,SUCCESS,56327499359,92.9,4,0,0,3,1
81,2023-08-03 04:36:52,1249,COMPILE_CODE_ERROR,None,None,6,0,1,4,1
82,2023-08-03 04:36:53,1250,COMPILE_CODE_ERROR,None,None,6,0,1,4,1
83,2023-08-03 04:37:30,1287,SUCCESS,56330064015,92.91,4,0,0,3,1
84,2023-08-03 04:38:09,1326,SUCCESS,56339454286,92.92,6,0,1,4,1
85,2023-08-03 04:38:09,1326,COMPILE_CODE_ERROR,None,None,6,0,0,4,2
86,2023-08-03 04:38:10,1327,COMPILE_CODE_ERROR,None,None,6,0,1,4,1
87,2023-08-03 04:38:13,1330,RUN_CODE_ERROR,None,None,6,0,0,5,1
88,2023-08-03 04:38:13,1330,COMPILE_CODE_ERROR,None,None,6,0,0,4,2
89,2023-08-03 04:38:53,1370,SUCCESS,63059309985,104.01,4,0,0,3,1
90,2023-08-03 04:38:54,1371,COMPILE_CODE_ERROR,None,None,6,0,0,4,2
91,2023-08-03 04:39:31,1408,SUCCESS,56321536104,92.89,6,0,1,4,1
92,2023-08-03 04:40:09,1446,SUCCESS,56321048692,92.89,4,0,0,4,0
93,2023-08-03 04:40:10,1447,COMPILE_CODE_ERROR,None,None,6,0,0,4,2
94,2023-08-03 04:40:57,1494,RUN_TIMEOUT,None,None,6,0,0,5,1
95,2023-08-03 04:41:00,1497,RUN_CODE_ERROR,None,None,6,0,0,4,2
96,2023-08-03 04:41:37,1534,SUCCESS,56350132978,92.94,6,0,0,5,1
97,2023-08-03 04:41:37,1534,COMPILE_CODE_ERROR,None,None,6,0,1,4,1
98,2023-08-03 04:42:15,1572,SUCCESS,56341289808,92.93,6,0,1,4,1
99,2023-08-03 04:42:16,1573,COMPILE_CODE_ERROR,None,None,6,0,1,4,1
100,2023-08-03 04:43:03,1620,RUN_TIMEOUT,None,None,6,0,0,5,1
101,2023-08-03 04:43:40,1657,SUCCESS,56327469015,92.9,6,0,1,4,1
102,2023-08-03 04:43:40,1657,SUCCESS,56319359799,92.89,6,0,0,5,1
103,2023-08-03 04:43:40,1657,SUCCESS,63059309985,104.01,5,0,0,4,1
104,2023-08-03 04:43:40,1657,COMPILE_CODE_ERROR,None,None,7,0,0,5,2
105,2023-08-03 04:43:41,1658,COMPILE_CODE_ERROR,None,None,7,0,1,5,1
106,2023-08-03 04:43:41,1658,COMPILE_CODE_ERROR,None,None,7,0,1,5,1
107,2023-08-03 04:43:42,1659,COMPILE_CODE_ERROR,None,None,7,0,1,5,1
108,2023-08-03 04:43:42,1659,COMPILE_CODE_ERROR,None,None,7,0,0,5,2
109,2023-08-03 04:43:42,1659,SUCCESS,56330064015,92.91,5,0,0,4,1
110,2023-08-03 04:43:42,1659,SUCCESS,56321048692,92.89,5,0,0,5,0
111,2023-08-03 04:43:43,1660,COMPILE_CODE_ERROR,None,None,7,0,1,5,1
112,2023-08-03 04:43:43,1660,COMPILE_CODE_ERROR,None,None,7,0,0,5,2
113,2023-08-03 04:43:44,1661,COMPILE_CODE_ERROR,None,None,7,0,0,5,2
114,2023-08-03 04:43:47,1664,RUN_CODE_ERROR,None,None,7,0,1,5,1
115,2023-08-03 04:43:50,1667,RUN_CODE_ERROR,None,None,7,0,1,5,1
116,2023-08-03 04:43:51,1668,COMPILE_CODE_ERROR,None,None,7,0,1,5,1
117,2023-08-03 04:43:51,1668,COMPILE_CODE_ERROR,None,None,7,0,0,5,2
118,2023-08-03 04:44:28,1705,SUCCESS,56329144555,92.91,5,0,0,4,1
119,2023-08-03 04:44:32,1709,RUN_CODE_ERROR,None,None,7,0,0,6,1
120,2023-08-03 04:45:19,1756,RUN_TIMEOUT,None,None,7,0,0,6,1
121,2023-08-03 04:45:19,1756,SUCCESS,56319359799,92.89,5,0,0,4,1
122,2023-08-03 04:45:19,1756,COMPILE_CODE_ERROR,None,None,6,0,1,4,1
123,2023-08-03 04:45:20,1757,COMPILE_CODE_ERROR,None,None,6,0,0,4,2
124,2023-08-03 04:45:57,1794,SUCCESS,56327038377,92.9,4,0,0,3,1
125,2023-08-03 04:45:57,1794,SUCCESS,56321048692,92.89,4,0,0,4,0
126,2023-08-03 04:45:57,1794,SUCCESS,56330064015,92.91,4,0,0,3,1
127,2023-08-03 04:45:57,1794,SUCCESS,63059309985,104.01,4,0,0,3,1
128,2023-08-03 04:46:38,1835,SUCCESS,60009052937,98.97,4,0,0,3,1
129,2023-08-03 04:47:15,1872,SUCCESS,56535196144,93.25,6,0,1,4,1
130,2023-08-03 04:47:18,1875,RUN_CODE_ERROR,None,None,6,0,1,4,1
131,2023-08-03 04:47:19,1876,COMPILE_CODE_ERROR,None,None,6,0,0,4,2
132,2023-08-03 04:47:22,1879,RUN_CODE_ERROR,None,None,6,0,0,4,2
133,2023-08-03 04:47:22,1879,COMPILE_CODE_ERROR,None,None,6,0,0,4,2
134,2023-08-03 04:47:23,1880,COMPILE_CODE_ERROR,None,None,6,0,0,4,2
135,2023-08-03 04:47:23,1880,COMPILE_CODE_ERROR,None,None,6,0,1,4,1
136,2023-08-03 04:47:24,1881,COMPILE_CODE_ERROR,None,None,6,0,0,5,1
137,2023-08-03 04:47:24,1881,COMPILE_CODE_ERROR,None,None,6,0,1,4,1
138,2023-08-03 04:47:25,1882,COMPILE_CODE_ERROR,None,None,6,0,1,4,1
139,2023-08-03 04:47:25,1882,COMPILE_CODE_ERROR,None,None,6,0,1,4,1
140,2023-08-03 04:48:03,1920,SUCCESS,56338353124,92.92,6,0,0,4,2
141,2023-08-03 04:48:03,1920,COMPILE_CODE_ERROR,None,None,6,0,1,4,1
142,2023-08-03 04:48:04,1921,COMPILE_CODE_ERROR,None,None,6,0,0,4,2
143,2023-08-03 04:48:51,1968,RUN_TIMEOUT,None,None,6,0,0,5,1
144,2023-08-03 04:48:51,1968,COMPILE_CODE_ERROR,None,None,6,0,0,4,2
145,2023-08-03 04:48:55,1972,RUN_CODE_ERROR,None,None,6,0,0,5,1
146,2023-08-03 04:48:55,1972,COMPILE_CODE_ERROR,None,None,6,0,0,4,2
147,2023-08-03 04:48:56,1973,COMPILE_CODE_ERROR,None,None,6,0,1,4,1
148,2023-08-03 04:48:56,1973,COMPILE_CODE_ERROR,None,None,6,0,1,4,1
149,2023-08-03 04:48:57,1974,COMPILE_CODE_ERROR,None,None,6,0,1,4,1
150,2023-08-03 04:48:57,1974,COMPILE_CODE_ERROR,None,None,6,0,0,4,2
151,2023-08-03 04:49:34,2011,SUCCESS,56337449069,92.92,6,0,1,4,1
152,2023-08-03 04:49:35,2012,COMPILE_CODE_ERROR,None,None,6,0,0,4,2
153,2023-08-03 04:50:13,2050,SUCCESS,56523476898,93.23,6,0,0,5,1
154,2023-08-03 04:50:13,2050,COMPILE_CODE_ERROR,None,None,6,0,0,5,1
155,2023-08-03 04:50:13,2050,COMPILE_CODE_ERROR,None,None,6,0,0,4,2
156,2023-08-03 04:50:14,2051,COMPILE_CODE_ERROR,None,None,6,0,0,4,2
157,2023-08-03 04:50:17,2054,RUN_CODE_ERROR,None,None,6,0,0,4,2
158,2023-08-03 04:50:54,2091,SUCCESS,56330699950,92.91,6,0,1,4,1
159,2023-08-03 04:50:55,2092,COMPILE_CODE_ERROR,None,None,6,0,1,4,1
160,2023-08-03 04:51:42,2139,RUN_TIMEOUT,None,None,6,0,0,5,1
161,2023-08-03 04:51:42,2139,COMPILE_CODE_ERROR,None,None,6,0,1,4,1
162,2023-08-03 04:51:43,2140,COMPILE_CODE_ERROR,None,None,6,0,0,5,1
163,2023-08-03 04:52:21,2178,SUCCESS,56276110335,92.82,6,0,0,5,1
164,2023-08-03 04:52:22,2179,COMPILE_CODE_ERROR,None,None,7,0,0,5,2
165,2023-08-03 04:52:59,2216,SUCCESS,56299358984,92.86,5,0,0,4,1
166,2023-08-03 04:53:37,2254,SUCCESS,56254705884,92.78,7,0,0,5,2
167,2023-08-03 04:54:16,2293,SUCCESS,56262403911,92.8,8,0,0,6,2
168,2023-08-03 04:54:16,2293,SUCCESS,56276110335,92.82,6,0,0,5,1
169,2023-08-03 04:54:55,2332,SUCCESS,56268356466,92.81,8,0,0,6,2
170,2023-08-03 04:55:32,2369,SUCCESS,56338847639,92.92,6,0,0,4,2
171,2023-08-03 04:55:36,2373,RUN_CODE_ERROR,None,None,8,0,0,5,3
172,2023-08-03 04:56:13,2410,SUCCESS,56275608146,92.82,6,0,0,4,2
173,2023-08-03 04:56:14,2411,COMPILE_CODE_ERROR,None,None,8,0,1,5,2
174,2023-08-03 04:56:52,2449,SUCCESS,56283554332,92.83,8,0,0,6,2
175,2023-08-03 04:57:29,2486,SUCCESS,56257395054,92.79,8,0,1,5,2
176,2023-08-03 04:57:32,2489,RUN_CODE_ERROR,None,None,8,0,0,5,3
177,2023-08-03 04:57:33,2490,COMPILE_CODE_ERROR,None,None,8,0,0,5,3
178,2023-08-03 04:58:10,2527,SUCCESS,56281590362,92.83,8,0,1,5,2
179,2023-08-03 04:58:11,2528,COMPILE_CODE_ERROR,None,None,8,0,1,5,2
180,2023-08-03 04:58:50,2567,SUCCESS,59910149368,98.81,6,0,0,4,2
181,2023-08-03 04:58:51,2568,COMPILE_CODE_ERROR,None,None,8,0,0,5,3
182,2023-08-03 04:58:51,2568,COMPILE_CODE_ERROR,None,None,6,0,0,5,1
183,2023-08-03 04:58:54,2571,RUN_CODE_ERROR,None,None,8,0,0,6,2
184,2023-08-03 04:59:30,2607,SUCCESS,56258636372,92.79,6,0,0,4,2
185,2023-08-03 05:00:17,2654,RUN_TIMEOUT,None,None,8,0,0,6,2
186,2023-08-03 05:00:18,2655,COMPILE_CODE_ERROR,None,None,8,0,1,5,2
187,2023-08-03 05:01:04,2701,SUCCESS,68359912145,112.75,8,0,0,6,2
188,2023-08-03 05:01:51,2748,RUN_TIMEOUT,None,None,8,0,0,6,2
189,2023-08-03 05:01:52,2749,COMPILE_CODE_ERROR,None,None,8,0,0,6,2
190,2023-08-03 05:01:52,2749,COMPILE_CODE_ERROR,None,None,8,0,1,5,2
191,2023-08-03 05:02:31,2788,SUCCESS,62992913812,103.9,6,0,0,4,2
192,2023-08-03 05:02:32,2789,COMPILE_CODE_ERROR,None,None,8,0,0,5,3
193,2023-08-03 05:03:19,2836,RUN_TIMEOUT,None,None,8,0,0,6,2
194,2023-08-03 05:03:22,2839,RUN_CODE_ERROR,None,None,8,0,1,5,2
195,2023-08-03 05:03:23,2840,COMPILE_CODE_ERROR,None,None,8,0,0,6,2
196,2023-08-03 05:04:01,2878,SUCCESS,56346556930,92.93,8,0,1,5,2
197,2023-08-03 05:04:04,2881,RUN_CODE_ERROR,None,None,8,0,0,5,3
198,2023-08-03 05:04:08,2885,RUN_CODE_ERROR,None,None,8,0,0,6,2
199,2023-08-03 05:04:08,2885,COMPILE_CODE_ERROR,None,None,8,0,0,5,3
200,2023-08-03 05:04:43,2920,RUN_CODE_ERROR,None,None,8,0,0,6,2
201,2023-08-03 05:05:21,2958,SUCCESS,56283383681,92.83,8,0,1,5,2
202,2023-08-03 05:05:59,2996,SUCCESS,56275223845,92.82,8,0,1,5,2
203,2023-08-03 05:06:37,3034,SUCCESS,56274527438,92.82,8,0,1,5,2
204,2023-08-03 05:07:15,3072,SUCCESS,56247144098,92.77,8,0,1,5,2
205,2023-08-03 05:07:51,3108,SUCCESS,56267406894,92.8,7,0,1,5,1
206,2023-08-03 05:07:52,3109,COMPILE_CODE_ERROR,None,None,9,0,2,5,2
207,2023-08-03 05:08:29,3146,SUCCESS,56371834332,92.98,9,0,1,6,2
208,2023-08-03 05:08:33,3150,RUN_CODE_ERROR,None,None,9,0,1,6,2
209,2023-08-03 05:09:09,3186,SUCCESS,56273098703,92.81,9,0,1,6,2
210,2023-08-03 05:09:10,3187,COMPILE_CODE_ERROR,None,None,9,0,2,5,2
211,2023-08-03 05:09:10,3187,COMPILE_CODE_ERROR,None,None,9,0,1,5,3
212,2023-08-03 05:09:14,3191,RUN_CODE_ERROR,None,None,9,0,2,5,2
213,2023-08-03 05:09:51,3228,SUCCESS,56259173594,92.79,7,0,1,4,2
214,2023-08-03 05:09:52,3229,COMPILE_CODE_ERROR,None,None,9,0,1,6,2
215,2023-08-03 05:10:28,3265,SUCCESS,56270254254,92.81,7,0,1,4,2
216,2023-08-03 05:11:07,3304,SUCCESS,63006822667,103.92,7,0,1,4,2
217,2023-08-03 05:11:47,3344,SUCCESS,59931380868,98.85,7,0,1,4,2
218,2023-08-03 05:11:47,3344,COMPILE_CODE_ERROR,None,None,7,0,1,5,1
219,2023-08-03 05:11:48,3345,COMPILE_CODE_ERROR,None,None,9,0,2,5,2
220,2023-08-03 05:11:48,3345,COMPILE_CODE_ERROR,None,None,9,0,2,5,2
221,2023-08-03 05:11:51,3348,RUN_CODE_ERROR,None,None,9,0,1,6,2
222,2023-08-03 05:11:52,3349,COMPILE_CODE_ERROR,None,None,9,0,2,5,2
223,2023-08-03 05:11:52,3349,COMPILE_CODE_ERROR,None,None,9,0,1,5,3
224,2023-08-03 05:11:52,3349,COMPILE_CODE_ERROR,None,None,9,0,1,5,3
225,2023-08-03 05:12:31,3388,SUCCESS,56280527327,92.83,9,0,1,6,2
226,2023-08-03 05:13:09,3426,SUCCESS,56245031223,92.77,9,0,1,5,3
227,2023-08-03 05:13:09,3426,SUCCESS,56245031223,92.77,10,0,2,5,3
228,2023-08-03 05:13:46,3463,SUCCESS,56271084542,92.81,11,0,2,6,3
229,2023-08-03 05:14:23,3500,SUCCESS,56275075816,92.82,11,0,2,6,3
230,2023-08-03 05:15:00,3537,SUCCESS,56286778364,92.84,11,0,2,6,3
231,2023-08-03 05:15:37,3574,SUCCESS,56266518769,92.8,9,0,1,5,3
232,2023-08-03 05:16:16,3613,SUCCESS,62991558807,103.89,9,0,2,4,3
233,2023-08-03 05:16:16,3613,COMPILE_CODE_ERROR,None,None,11,0,3,5,3
234,2023-08-03 05:16:53,3650,SUCCESS,56265057099,92.8,9,0,2,5,2
235,2023-08-03 05:16:54,3651,COMPILE_CODE_ERROR,None,None,11,0,3,5,3
236,2023-08-03 05:17:28,3685,RUN_CODE_ERROR,None,None,11,0,2,5,4
237,2023-08-03 05:17:28,3685,COMPILE_CODE_ERROR,None,None,11,0,2,5,4
238,2023-08-03 05:18:06,3723,SUCCESS,56727245459,93.56,11,0,3,5,3
239,2023-08-03 05:18:43,3760,SUCCESS,56279079677,92.82,11,0,2,5,4
240,2023-08-03 05:19:23,3800,SUCCESS,59930631062,98.85,9,0,2,4,3
241,2023-08-03 05:19:23,3800,SUCCESS,56245031223,92.77,9,0,1,5,3
242,2023-08-03 05:19:26,3803,RUN_CODE_ERROR,None,None,10,0,1,6,3
243,2023-08-03 05:20:04,3841,SUCCESS,56291105059,92.84,8,0,1,4,3
244,2023-08-03 05:20:05,3842,COMPILE_CODE_ERROR,None,None,10,0,1,5,4
245,2023-08-03 05:20:05,3842,SUCCESS,62991558807,103.89,8,0,1,4,3
246,2023-08-03 05:20:05,3842,COMPILE_CODE_ERROR,None,None,10,0,2,5,3
247,2023-08-03 05:20:43,3880,SUCCESS,56280166828,92.82,10,0,1,5,4
248,2023-08-03 05:20:44,3881,COMPILE_CODE_ERROR,None,None,10,0,1,5,4
249,2023-08-03 05:21:21,3918,SUCCESS,56294846793,92.85,8,0,1,5,2
250,2023-08-03 05:21:21,3918,SUCCESS,56245031223,92.77,10,0,1,6,3
251,2023-08-03 05:21:59,3956,SUCCESS,56342692523,92.93,9,0,1,5,3
252,2023-08-03 05:22:36,3993,SUCCESS,56274481208,92.82,11,0,1,7,3
253,2023-08-03 05:22:37,3994,COMPILE_CODE_ERROR,None,None,11,0,2,6,3
254,2023-08-03 05:22:37,3994,SUCCESS,56245031223,92.77,11,0,1,7,3
255,2023-08-03 05:22:37,3994,SUCCESS,56245031223,92.77,10,0,1,6,3
256,2023-08-03 05:22:37,3994,COMPILE_CODE_ERROR,None,None,11,0,2,6,3
257,2023-08-03 05:22:38,3995,COMPILE_CODE_ERROR,None,None,9,0,1,6,2
258,2023-08-03 05:22:38,3995,COMPILE_CODE_ERROR,None,None,11,0,1,6,4
259,2023-08-03 05:23:20,4037,SUCCESS,63743969917,105.14,11,0,2,6,3
260,2023-08-03 05:23:20,4037,SUCCESS,56342692523,92.93,9,0,1,5,3
261,2023-08-03 05:23:21,4038,COMPILE_CODE_ERROR,None,None,11,0,1,6,4
262,2023-08-03 05:23:21,4038,SUCCESS,56291105059,92.84,9,0,1,5,3
263,2023-08-03 05:23:58,4075,SUCCESS,56283919164,92.83,9,0,0,6,3
264,2023-08-03 05:23:59,4076,COMPILE_CODE_ERROR,None,None,11,0,1,6,4
265,2023-08-03 05:23:59,4076,COMPILE_CODE_ERROR,None,None,11,0,1,6,4
266,2023-08-03 05:23:59,4076,SUCCESS,56294846793,92.85,9,0,1,6,2
267,2023-08-03 05:23:59,4076,SUCCESS,56245031223,92.77,11,0,1,7,3
268,2023-08-03 05:23:59,4076,SUCCESS,59930631062,98.85,10,0,1,6,3
269,2023-08-03 05:23:59,4076,SUCCESS,56291105059,92.84,10,0,1,6,3
270,2023-08-03 05:23:59,4076,SUCCESS,56294846793,92.85,10,0,1,7,2
271,2023-08-03 05:23:59,4076,SUCCESS,56283919164,92.83,10,0,0,7,3
272,2023-08-03 05:23:59,4076,SUCCESS,62991558807,103.89,10,0,1,6,3
273,2023-08-03 05:24:00,4077,COMPILE_CODE_ERROR,None,None,12,0,1,7,4
274,2023-08-03 05:24:37,4114,SUCCESS,56301099427,92.86,10,0,1,6,3
275,2023-08-03 05:24:37,4114,SUCCESS,56245031223,92.77,12,0,2,7,3
276,2023-08-03 05:24:38,4115,COMPILE_CODE_ERROR,None,None,13,0,3,7,3
277,2023-08-03 05:24:38,4115,SUCCESS,56245031223,92.77,11,0,2,6,3
278,2023-08-03 05:24:38,4115,SUCCESS,56301099427,92.86,10,0,2,5,3
279,2023-08-03 05:24:38,4115,COMPILE_CODE_ERROR,None,None,12,0,3,6,3
280,2023-08-03 05:25:16,4153,SUCCESS,56246905752,92.77,12,0,3,6,3
281,2023-08-03 05:26:03,4200,RUN_TIMEOUT,None,None,12,0,2,6,4
282,2023-08-03 05:26:04,4201,COMPILE_CODE_ERROR,None,None,12,0,3,6,3
283,2023-08-03 05:26:42,4239,SUCCESS,56520765684,93.22,12,0,3,6,3
284,2023-08-03 05:26:42,4239,SUCCESS,62991558807,103.89,10,0,2,5,3
285,2023-08-03 05:27:19,4276,SUCCESS,56267063163,92.8,12,0,3,6,3
286,2023-08-03 05:27:20,4277,COMPILE_CODE_ERROR,None,None,12,0,2,6,4
287,2023-08-03 05:27:20,4277,COMPILE_CODE_ERROR,None,None,12,0,2,6,4
288,2023-08-03 05:27:23,4280,RUN_CODE_ERROR,None,None,12,0,2,6,4
289,2023-08-03 05:27:24,4281,COMPILE_CODE_ERROR,None,None,12,0,2,6,4
290,2023-08-03 05:27:24,4281,COMPILE_CODE_ERROR,None,None,10,0,2,6,2
291,2023-08-03 05:28:01,4318,SUCCESS,56261937784,92.79,12,0,2,7,3
292,2023-08-03 05:28:01,4318,SUCCESS,56245031223,92.77,10,0,1,6,3
293,2023-08-03 05:28:01,4318,COMPILE_CODE_ERROR,None,None,9,0,1,6,2
294,2023-08-03 05:28:01,4318,SUCCESS,59930631062,98.85,9,0,1,5,3
295,2023-08-03 05:28:01,4318,SUCCESS,56245031223,92.77,9,0,1,5,3
296,2023-08-03 05:28:02,4319,COMPILE_CODE_ERROR,None,None,10,0,1,5,4
297,2023-08-03 05:28:39,4356,SUCCESS,56272180072,92.81,8,0,1,5,2
298,2023-08-03 05:29:17,4394,SUCCESS,56276140348,92.82,10,0,1,5,4
299,2023-08-03 05:29:18,4395,SUCCESS,56294846793,92.85,8,0,1,5,2
300,2023-08-03 05:29:18,4395,COMPILE_CODE_ERROR,None,None,10,0,2,5,3
301,2023-08-03 05:29:18,4395,SUCCESS,59930631062,98.85,8,0,1,4,3
302,2023-08-03 05:29:18,4395,SUCCESS,56283919164,92.83,8,0,0,5,3
303,2023-08-03 05:29:21,4398,RUN_CODE_ERROR,None,None,10,0,1,6,3
304,2023-08-03 05:30:08,4445,RUN_TIMEOUT,None,None,10,0,1,6,3
305,2023-08-03 05:30:47,4484,SUCCESS,56326366808,92.9,8,0,1,4,3
306,2023-08-03 05:31:25,4522,SUCCESS,56261237176,92.79,10,0,1,6,3
307,2023-08-03 05:31:25,4522,COMPILE_CODE_ERROR,None,None,10,0,1,6,3
308,2023-08-03 05:31:26,4523,COMPILE_CODE_ERROR,None,None,10,0,2,5,3
309,2023-08-03 05:32:13,4570,RUN_TIMEOUT,None,None,10,0,1,6,3
310,2023-08-03 05:32:51,4608,SUCCESS,56246620072,92.77,10,0,2,5,3
311,2023-08-03 05:33:29,4646,SUCCESS,56280505650,92.83,10,0,2,5,3
312,2023-08-03 05:33:30,4647,COMPILE_CODE_ERROR,None,None,10,0,1,5,4
313,2023-08-03 05:34:17,4694,RUN_TIMEOUT,None,None,10,0,1,6,3
314,2023-08-03 05:34:51,4728,RUN_CODE_ERROR,None,None,10,0,1,5,4
315,2023-08-03 05:34:54,4731,RUN_CODE_ERROR,None,None,10,0,1,5,4
316,2023-08-03 05:35:32,4769,SUCCESS,56452336375,93.11,10,0,1,5,4
317,2023-08-03 05:35:32,4769,SUCCESS,56291105059,92.84,8,0,1,4,3
318,2023-08-03 05:35:32,4769,SUCCESS,56301099427,92.86,8,0,1,4,3
319,2023-08-03 05:35:33,4770,COMPILE_CODE_ERROR,None,None,10,0,2,5,3
320,2023-08-03 05:35:36,4773,RUN_CODE_ERROR,None,None,10,0,1,6,3
321,2023-08-03 05:35:39,4776,RUN_CODE_ERROR,None,None,10,0,1,5,4
322,2023-08-03 05:35:39,4776,COMPILE_CODE_ERROR,None,None,10,0,2,5,3
323,2023-08-03 05:35:40,4777,COMPILE_CODE_ERROR,None,None,10,0,1,5,4
324,2023-08-03 05:35:40,4777,COMPILE_CODE_ERROR,None,None,10,0,1,5,4
325,2023-08-03 05:36:17,4814,SUCCESS,56259632495,92.79,10,0,2,5,3
326,2023-08-03 05:36:18,4815,COMPILE_CODE_ERROR,None,None,10,0,2,5,3
327,2023-08-03 05:36:21,4818,RUN_CODE_ERROR,None,None,10,0,1,6,3
328,2023-08-03 05:36:57,4854,SUCCESS,56267524614,92.8,10,0,2,5,3
329,2023-08-03 05:37:33,4890,SUCCESS,56270033647,92.81,10,0,2,5,3
330,2023-08-03 05:37:36,4893,RUN_CODE_ERROR,None,None,10,0,1,5,4
331,2023-08-03 05:38:14,4931,SUCCESS,56269391376,92.81,10,0,2,5,3
332,2023-08-03 05:38:14,4931,COMPILE_CODE_ERROR,None,None,8,0,1,5,2
333,2023-08-03 05:38:17,4934,RUN_CODE_ERROR,None,None,10,0,1,6,3
334,2023-08-03 05:38:18,4935,COMPILE_CODE_ERROR,None,None,10,0,2,5,3
335,2023-08-03 05:38:55,4972,SUCCESS,56256291338,92.79,10,0,2,5,3
336,2023-08-03 05:38:56,4973,COMPILE_CODE_ERROR,None,None,10,0,1,5,4
337,2023-08-03 05:39:33,5010,SUCCESS,56262722269,92.8,10,0,2,5,3
338,2023-08-03 05:39:37,5014,RUN_CODE_ERROR,None,None,10,0,1,5,4
339,2023-08-03 05:40:14,5051,SUCCESS,56265099690,92.8,10,0,1,6,3
340,2023-08-03 05:41:01,5098,RUN_TIMEOUT,None,None,10,0,1,5,4
341,2023-08-03 05:41:39,5136,SUCCESS,56278926793,92.82,10,0,1,6,3
342,2023-08-03 05:42:26,5183,RUN_TIMEOUT,None,None,10,0,2,5,3
343,2023-08-03 05:42:27,5184,COMPILE_CODE_ERROR,None,None,10,0,2,5,3
344,2023-08-03 05:42:30,5187,RUN_CODE_ERROR,None,None,10,0,1,6,3
345,2023-08-03 05:43:17,5234,RUN_TIMEOUT,None,None,10,0,2,5,3
346,2023-08-03 05:43:17,5234,COMPILE_CODE_ERROR,None,None,10,0,1,5,4
347,2023-08-03 05:43:18,5235,COMPILE_CODE_ERROR,None,None,10,0,1,5,4
348,2023-08-03 05:44:05,5282,RUN_TIMEOUT,None,None,10,0,2,5,3
349,2023-08-03 05:44:06,5283,COMPILE_CODE_ERROR,None,None,10,0,1,6,3
350,2023-08-03 05:44:42,5319,SUCCESS,56252432453,92.78,10,0,1,6,3
351,2023-08-03 05:44:43,5320,COMPILE_CODE_ERROR,None,None,10,0,1,6,3
352,2023-08-03 05:45:19,5356,SUCCESS,56265944045,92.8,10,0,2,5,3
353,2023-08-03 05:45:19,5356,COMPILE_CODE_ERROR,None,None,10,0,1,5,4
354,2023-08-03 05:45:20,5357,COMPILE_CODE_ERROR,None,None,10,0,2,5,3
355,2023-08-03 05:45:20,5357,COMPILE_CODE_ERROR,None,None,10,0,2,5,3
356,2023-08-03 05:45:20,5357,COMPILE_CODE_ERROR,None,None,10,0,1,5,4
357,2023-08-03 05:45:21,5358,COMPILE_CODE_ERROR,None,None,10,0,1,5,4
358,2023-08-03 05:46:06,5403,SUCCESS,68380240949,112.78,10,0,1,5,4
359,2023-08-03 05:46:10,5407,RUN_CODE_ERROR,None,None,10,0,1,6,3
360,2023-08-03 05:46:49,5446,SUCCESS,63015390093,103.93,8,0,1,4,3
361,2023-08-03 05:47:26,5483,SUCCESS,56255200444,92.78,10,0,1,6,3
362,2023-08-03 05:47:27,5484,COMPILE_CODE_ERROR,None,None,10,0,2,5,3
363,2023-08-03 05:48:04,5521,SUCCESS,56264796457,92.8,10,0,1,6,3
364,2023-08-03 05:48:42,5559,SUCCESS,56268969264,92.81,10,0,1,6,3
365,2023-08-03 05:48:43,5560,COMPILE_CODE_ERROR,None,None,10,0,2,5,3
366,2023-08-03 05:49:30,5607,RUN_TIMEOUT,None,None,10,0,1,6,3
367,2023-08-03 05:49:30,5607,COMPILE_CODE_ERROR,None,None,10,0,1,6,3
368,2023-08-03 05:49:31,5608,COMPILE_CODE_ERROR,None,None,10,0,1,6,3
369,2023-08-03 05:49:31,5608,COMPILE_CODE_ERROR,None,None,10,0,1,5,4
370,2023-08-03 05:49:32,5609,COMPILE_CODE_ERROR,None,None,10,0,1,5,4
371,2023-08-03 05:50:10,5647,SUCCESS,56252286249,92.78,10,0,1,6,3
372,2023-08-03 05:50:47,5684,SUCCESS,56264635664,92.8,10,0,1,6,3
373,2023-08-03 05:51:25,5722,SUCCESS,56272301407,92.81,10,0,1,5,4
374,2023-08-03 05:51:25,5722,COMPILE_CODE_ERROR,None,None,10,0,1,5,4
375,2023-08-03 05:52:02,5759,SUCCESS,56271246569,92.81,10,0,1,5,4
376,2023-08-03 05:52:02,5759,COMPILE_CODE_ERROR,None,None,10,0,1,5,4
377,2023-08-03 05:52:06,5763,RUN_CODE_ERROR,None,None,10,0,2,5,3
378,2023-08-03 05:52:06,5763,COMPILE_CODE_ERROR,None,None,10,0,1,5,4
379,2023-08-03 05:52:09,5766,RUN_CODE_ERROR,None,None,10,0,1,6,3
380,2023-08-03 05:52:10,5767,COMPILE_CODE_ERROR,None,None,10,0,1,5,4
381,2023-08-03 05:52:47,5804,SUCCESS,56261963694,92.79,10,0,2,5,3
382,2023-08-03 05:53:25,5842,SUCCESS,56279477471,92.82,10,0,1,5,4
383,2023-08-03 05:54:03,5880,SUCCESS,56252092635,92.78,10,0,2,5,3
384,2023-08-03 05:54:03,5880,COMPILE_CODE_ERROR,None,None,10,0,1,6,3
385,2023-08-03 05:54:50,5927,RUN_TIMEOUT,None,None,10,0,1,5,4
386,2023-08-03 05:54:54,5931,RUN_CODE_ERROR,None,None,10,0,1,6,3
387,2023-08-03 05:55:32,5969,SUCCESS,56256167246,92.79,10,0,2,5,3
388,2023-08-03 05:55:32,5969,COMPILE_CODE_ERROR,None,None,10,0,1,5,4
389,2023-08-03 05:55:32,5969,COMPILE_CODE_ERROR,None,None,10,0,2,5,3
390,2023-08-03 05:55:33,5970,COMPILE_CODE_ERROR,None,None,10,0,1,5,4
391,2023-08-03 05:55:36,5973,RUN_CODE_ERROR,None,None,10,0,1,6,3
392,2023-08-03 05:55:36,5973,COMPILE_CODE_ERROR,None,None,10,0,2,5,3
393,2023-08-03 05:55:37,5974,COMPILE_CODE_ERROR,None,None,10,0,2,5,3
394,2023-08-03 05:55:37,5974,COMPILE_CODE_ERROR,None,None,10,0,1,6,3
395,2023-08-03 05:55:38,5975,COMPILE_CODE_ERROR,None,None,10,0,2,5,3
396,2023-08-03 05:56:15,6012,SUCCESS,56266763418,92.8,10,0,1,6,3
397,2023-08-03 05:56:18,6015,RUN_CODE_ERROR,None,None,10,0,2,5,3
398,2023-08-03 05:56:19,6016,COMPILE_CODE_ERROR,None,None,10,0,1,6,3
399,2023-08-03 05:56:19,6016,COMPILE_CODE_ERROR,None,None,10,0,1,5,4
400,2023-08-03 05:56:56,6053,SUCCESS,56274340304,92.82,10,0,1,6,3
401,2023-08-03 05:56:57,6054,COMPILE_CODE_ERROR,None,None,10,0,1,5,4
402,2023-08-03 05:56:57,6054,COMPILE_CODE_ERROR,None,None,10,0,1,6,3
403,2023-08-03 05:56:58,6055,COMPILE_CODE_ERROR,None,None,10,0,2,5,3
404,2023-08-03 05:56:58,6055,COMPILE_CODE_ERROR,None,None,10,0,2,5,3
405,2023-08-03 05:57:01,6058,RUN_CODE_ERROR,None,None,10,0,1,6,3
406,2023-08-03 05:57:02,6059,COMPILE_CODE_ERROR,None,None,10,0,1,5,4
407,2023-08-03 05:57:02,6059,COMPILE_CODE_ERROR,None,None,10,0,2,5,3
408,2023-08-03 05:57:03,6060,COMPILE_CODE_ERROR,None,None,10,0,2,5,3
409,2023-08-03 05:57:03,6060,COMPILE_CODE_ERROR,None,None,10,0,2,5,3
410,2023-08-03 05:57:41,6098,SUCCESS,56252871628,92.78,10,0,1,6,3
411,2023-08-03 05:58:18,6135,SUCCESS,56256476985,92.79,10,0,2,5,3
412,2023-08-03 05:58:21,6138,RUN_CODE_ERROR,None,None,10,0,1,6,3
413,2023-08-03 05:58:21,6138,COMPILE_CODE_ERROR,None,None,10,0,1,5,4
414,2023-08-03 05:59:09,6186,RUN_TIMEOUT,None,None,10,0,1,6,3
415,2023-08-03 05:59:09,6186,COMPILE_CODE_ERROR,None,None,10,0,2,5,3
416,2023-08-03 05:59:47,6224,SUCCESS,56290144300,92.84,10,0,2,5,3
417,2023-08-03 05:59:50,6227,RUN_CODE_ERROR,None,None,10,0,1,6,3
418,2023-08-03 05:59:53,6230,RUN_CODE_ERROR,None,None,10,0,1,6,3
419,2023-08-03 05:59:54,6231,COMPILE_CODE_ERROR,None,None,10,0,2,5,3
420,2023-08-03 06:00:41,6278,RUN_TIMEOUT,None,None,10,0,1,5,4
421,2023-08-03 06:01:19,6316,SUCCESS,56263621219,92.8,10,0,2,5,3
422,2023-08-03 06:02:07,6364,RUN_TIMEOUT,None,None,10,0,2,5,3
423,2023-08-03 06:02:10,6367,RUN_CODE_ERROR,None,None,10,0,1,5,4
424,2023-08-03 06:02:11,6368,COMPILE_CODE_ERROR,None,None,10,0,1,5,4
425,2023-08-03 06:02:48,6405,SUCCESS,56280367271,92.83,10,0,1,6,3
426,2023-08-03 06:02:49,6406,COMPILE_CODE_ERROR,None,None,10,0,1,5,4
427,2023-08-03 06:02:49,6406,COMPILE_CODE_ERROR,None,None,10,0,1,6,3
428,2023-08-03 06:02:49,6406,COMPILE_CODE_ERROR,None,None,10,0,1,5,4
429,2023-08-03 06:03:27,6444,SUCCESS,56286219774,92.83,10,0,2,5,3
430,2023-08-03 06:03:27,6444,COMPILE_CODE_ERROR,None,None,10,0,1,5,4
431,2023-08-03 06:03:27,6444,COMPILE_CODE_ERROR,None,None,10,0,1,5,4
432,2023-08-03 06:03:28,6445,COMPILE_CODE_ERROR,None,None,10,0,1,5,4
433,2023-08-03 06:03:28,6445,COMPILE_CODE_ERROR,None,None,10,0,2,5,3
434,2023-08-03 06:04:07,6484,SUCCESS,56282837664,92.83,10,0,1,6,3
435,2023-08-03 06:04:07,6484,COMPILE_CODE_ERROR,None,None,10,0,1,5,4
436,2023-08-03 06:04:07,6484,COMPILE_CODE_ERROR,None,None,10,0,1,6,3
437,2023-08-03 06:04:08,6485,COMPILE_CODE_ERROR,None,None,10,0,1,6,3
438,2023-08-03 06:04:08,6485,COMPILE_CODE_ERROR,None,None,10,0,1,5,4
439,2023-08-03 06:04:09,6486,COMPILE_CODE_ERROR,None,None,10,0,1,5,4
440,2023-08-03 06:04:09,6486,COMPILE_CODE_ERROR,None,None,10,0,1,5,4
441,2023-08-03 06:04:10,6487,COMPILE_CODE_ERROR,None,None,10,0,1,6,3
442,2023-08-03 06:04:10,6487,COMPILE_CODE_ERROR,None,None,10,0,1,5,4
443,2023-08-03 06:04:13,6490,RUN_CODE_ERROR,None,None,10,0,2,5,3
444,2023-08-03 06:04:14,6491,COMPILE_CODE_ERROR,None,None,10,0,1,5,4
445,2023-08-03 06:04:14,6491,COMPILE_CODE_ERROR,None,None,10,0,1,5,4
446,2023-08-03 06:04:15,6492,COMPILE_CODE_ERROR,None,None,10,0,1,6,3
447,2023-08-03 06:04:18,6495,RUN_CODE_ERROR,None,None,10,0,1,6,3
448,2023-08-03 06:04:55,6532,SUCCESS,56273460237,92.81,10,0,2,5,3
449,2023-08-03 06:05:42,6579,RUN_TIMEOUT,None,None,10,0,1,5,4
450,2023-08-03 06:05:42,6579,COMPILE_CODE_ERROR,None,None,10,0,1,5,4
451,2023-08-03 06:06:20,6617,SUCCESS,56257084718,92.79,10,0,2,5,3
452,2023-08-03 06:06:57,6654,SUCCESS,56276849206,92.82,10,0,1,6,3
453,2023-08-03 06:06:57,6654,COMPILE_CODE_ERROR,None,None,10,0,2,5,3
454,2023-08-03 06:07:01,6658,RUN_CODE_ERROR,None,None,10,0,2,5,3
455,2023-08-03 06:07:01,6658,COMPILE_CODE_ERROR,None,None,10,0,1,5,4
456,2023-08-03 06:07:01,6658,COMPILE_CODE_ERROR,None,None,10,0,2,5,3
457,2023-08-03 06:07:14,6671,RUN_CODE_ERROR,None,None,10,0,1,6,3
458,2023-08-03 06:07:52,6709,SUCCESS,56457680996,93.12,10,0,2,5,3
459,2023-08-03 06:08:29,6746,SUCCESS,56273128326,92.81,10,0,1,6,3
460,2023-08-03 06:09:07,6784,SUCCESS,56703111066,93.52,10,0,1,6,3
461,2023-08-03 06:09:07,6784,COMPILE_CODE_ERROR,None,None,10,0,1,5,4
462,2023-08-03 06:09:45,6822,SUCCESS,56283279506,92.83,10,0,1,5,4
463,2023-08-03 06:10:22,6859,SUCCESS,56266212381,92.8,10,0,1,6,3
464,2023-08-03 06:11:00,6897,SUCCESS,65859623291,108.62,10,0,2,5,3
465,2023-08-03 06:11:01,6898,COMPILE_CODE_ERROR,None,None,10,0,2,5,3
466,2023-08-03 06:11:38,6935,SUCCESS,56266053954,92.8,10,0,1,6,3
467,2023-08-03 06:12:15,6972,SUCCESS,56273254493,92.81,10,0,1,6,3
468,2023-08-03 06:12:16,6973,COMPILE_CODE_ERROR,None,None,10,0,2,5,3
469,2023-08-03 06:12:53,7010,SUCCESS,56265929505,92.8,10,0,1,6,3
470,2023-08-03 06:13:40,7057,RUN_TIMEOUT,None,None,10,0,1,6,3
471,2023-08-03 06:14:18,7095,SUCCESS,56292310192,92.84,10,0,1,5,4
472,2023-08-03 06:14:19,7096,COMPILE_CODE_ERROR,None,None,10,0,1,5,4
473,2023-08-03 06:14:22,7099,RUN_CODE_ERROR,None,None,10,0,1,6,3
474,2023-08-03 06:14:22,7099,COMPILE_CODE_ERROR,None,None,10,0,1,6,3
475,2023-08-03 06:14:26,7103,RUN_CODE_ERROR,None,None,10,0,1,6,3
476,2023-08-03 06:14:26,7103,COMPILE_CODE_ERROR,None,None,10,0,1,5,4
477,2023-08-03 06:14:29,7106,RUN_CODE_ERROR,None,None,10,0,2,5,3
478,2023-08-03 06:14:33,7110,RUN_CODE_ERROR,None,None,10,0,1,5,4
479,2023-08-03 06:14:36,7113,RUN_CODE_ERROR,None,None,10,0,1,6,3
480,2023-08-03 06:14:36,7113,COMPILE_CODE_ERROR,None,None,10,0,2,5,3
481,2023-08-03 06:14:37,7114,COMPILE_CODE_ERROR,None,None,10,0,2,5,3
482,2023-08-03 06:15:14,7151,SUCCESS,56276158675,92.82,10,0,2,5,3
483,2023-08-03 06:15:51,7188,SUCCESS,56268304625,92.81,10,0,2,5,3
484,2023-08-03 06:15:51,7188,COMPILE_CODE_ERROR,None,None,10,0,2,5,3
485,2023-08-03 06:15:52,7189,COMPILE_CODE_ERROR,None,None,10,0,1,5,4
486,2023-08-03 06:15:52,7189,COMPILE_CODE_ERROR,None,None,10,0,2,5,3
487,2023-08-03 06:15:52,7189,COMPILE_CODE_ERROR,None,None,10,0,2,5,3
488,2023-08-03 06:16:40,7237,RUN_TIMEOUT,None,None,10,0,2,5,3
489,2023-08-03 06:16:40,7237,COMPILE_CODE_ERROR,None,None,10,0,1,6,3
490,2023-08-03 06:16:40,7237,COMPILE_CODE_ERROR,None,None,10,0,2,5,3
491,2023-08-03 06:16:41,7238,COMPILE_CODE_ERROR,None,None,10,0,1,5,4
492,2023-08-03 06:17:18,7275,SUCCESS,56280348048,92.83,10,0,1,6,3
493,2023-08-03 06:17:19,7276,COMPILE_CODE_ERROR,None,None,10,0,1,6,3
494,2023-08-03 06:17:19,7276,COMPILE_CODE_ERROR,None,None,10,0,2,5,3
495,2023-08-03 06:17:20,7277,COMPILE_CODE_ERROR,None,None,10,0,2,5,3
496,2023-08-03 06:17:20,7277,COMPILE_CODE_ERROR,None,None,10,0,2,5,3
497,2023-08-03 06:17:21,7278,COMPILE_CODE_ERROR,None,None,10,0,1,6,3
498,2023-08-03 06:17:58,7315,SUCCESS,56295124135,92.85,10,0,1,6,3
499,2023-08-03 06:17:58,7315,COMPILE_CODE_ERROR,None,None,10,0,1,6,3
500,2023-08-03 06:17:59,7316,COMPILE_CODE_ERROR,None,None,10,0,2,5,3
501,2023-08-03 06:17:59,7316,COMPILE_CODE_ERROR,None,None,10,0,1,6,3
502,2023-08-03 06:18:00,7317,COMPILE_CODE_ERROR,None,None,10,0,2,5,3
503,2023-08-03 06:18:00,7317,COMPILE_CODE_ERROR,None,None,10,0,1,6,3
504,2023-08-03 06:18:01,7318,COMPILE_CODE_ERROR,None,None,10,0,1,5,4
505,2023-08-03 06:18:01,7318,COMPILE_CODE_ERROR,None,None,10,0,1,5,4
506,2023-08-03 06:18:01,7318,COMPILE_CODE_ERROR,None,None,10,0,1,5,4
507,2023-08-03 06:18:02,7319,COMPILE_CODE_ERROR,None,None,10,0,1,6,3
508,2023-08-03 06:18:02,7319,COMPILE_CODE_ERROR,None,None,10,0,2,5,3
509,2023-08-03 06:18:03,7320,COMPILE_CODE_ERROR,None,None,10,0,1,5,4
510,2023-08-03 06:18:03,7320,COMPILE_CODE_ERROR,None,None,10,0,1,5,4
511,2023-08-03 06:18:03,7320,COMPILE_CODE_ERROR,None,None,10,0,1,5,4
512,2023-08-03 06:18:04,7321,COMPILE_CODE_ERROR,None,None,10,0,2,5,3
513,2023-08-03 06:18:07,7324,RUN_CODE_ERROR,None,None,10,0,1,5,4
514,2023-08-03 06:18:08,7325,COMPILE_CODE_ERROR,None,None,10,0,1,5,4
515,2023-08-03 06:18:08,7325,COMPILE_CODE_ERROR,None,None,10,0,1,5,4
516,2023-08-03 06:18:46,7363,SUCCESS,56250728138,92.78,10,0,1,6,3
517,2023-08-03 06:18:49,7366,RUN_CODE_ERROR,None,None,10,0,1,6,3
518,2023-08-03 06:18:49,7366,COMPILE_CODE_ERROR,None,None,10,0,1,5,4
519,2023-08-03 06:18:50,7367,COMPILE_CODE_ERROR,None,None,10,0,2,5,3
520,2023-08-03 06:19:35,7412,SUCCESS,69314514825,114.32,10,0,1,6,3
521,2023-08-03 06:19:35,7412,COMPILE_CODE_ERROR,None,None,10,0,1,5,4
522,2023-08-03 06:19:35,7412,COMPILE_CODE_ERROR,None,None,10,0,1,6,3
523,2023-08-03 06:19:36,7413,COMPILE_CODE_ERROR,None,None,10,0,2,5,3
524,2023-08-03 06:19:36,7413,COMPILE_CODE_ERROR,None,None,10,0,1,5,4
525,2023-08-03 06:19:37,7414,COMPILE_CODE_ERROR,None,None,10,0,2,5,3
526,2023-08-03 06:19:40,7417,RUN_CODE_ERROR,None,None,10,0,1,6,3
527,2023-08-03 06:20:17,7454,SUCCESS,56259875302,92.79,10,0,1,6,3
528,2023-08-03 06:20:18,7455,COMPILE_CODE_ERROR,None,None,10,0,2,5,3
529,2023-08-03 06:20:18,7455,COMPILE_CODE_ERROR,None,None,10,0,1,5,4
530,2023-08-03 06:20:56,7493,SUCCESS,56220926700,92.73,10,0,1,6,3
531,2023-08-03 06:21:33,7530,SUCCESS,56222101551,92.73,9,0,1,6,2
532,2023-08-03 06:21:33,7530,COMPILE_CODE_ERROR,None,None,11,0,2,6,3
533,2023-08-03 06:21:34,7531,COMPILE_CODE_ERROR,None,None,11,0,2,6,3
534,2023-08-03 06:22:12,7569,SUCCESS,56221065256,92.73,11,0,2,6,3
535,2023-08-03 06:22:49,7606,SUCCESS,56227801193,92.74,9,0,1,5,3
536,2023-08-03 06:22:49,7606,COMPILE_CODE_ERROR,None,None,11,0,2,6,3
537,2023-08-03 06:22:50,7607,COMPILE_CODE_ERROR,None,None,9,0,1,6,2
538,2023-08-03 06:23:29,7646,SUCCESS,59866003054,98.74,9,0,1,5,3
539,2023-08-03 06:23:29,7646,COMPILE_CODE_ERROR,None,None,11,0,1,7,3
540,2023-08-03 06:23:32,7649,RUN_CODE_ERROR,None,None,11,0,1,6,4
541,2023-08-03 06:23:33,7650,COMPILE_CODE_ERROR,None,None,11,0,2,6,3
542,2023-08-03 06:23:36,7653,RUN_CODE_ERROR,None,None,11,0,1,7,3
543,2023-08-03 06:24:14,7691,SUCCESS,56253471057,92.78,9,0,1,5,3
544,2023-08-03 06:24:14,7691,COMPILE_CODE_ERROR,None,None,11,0,2,6,3
545,2023-08-03 06:24:15,7692,COMPILE_CODE_ERROR,None,None,11,0,1,7,3
546,2023-08-03 06:24:52,7729,SUCCESS,56203318918,92.7,9,0,1,6,2
547,2023-08-03 06:25:32,7769,SUCCESS,62904808833,103.75,8,0,1,5,2
548,2023-08-03 06:25:32,7769,COMPILE_CODE_ERROR,None,None,10,0,2,6,2
549,2023-08-03 06:26:10,7807,SUCCESS,56281758235,92.83,8,0,1,5,2
550,2023-08-03 06:26:10,7807,COMPILE_CODE_ERROR,None,None,10,0,1,7,2
551,2023-08-03 06:26:57,7854,RUN_TIMEOUT,None,None,10,0,1,7,2
552,2023-08-03 06:27:35,7892,SUCCESS,56212872252,92.71,8,0,1,5,2
553,2023-08-03 06:28:13,7930,SUCCESS,56278984333,92.82,8,0,1,5,2
554,2023-08-03 06:28:50,7967,SUCCESS,56221480095,92.73,8,0,1,5,2
555,2023-08-03 06:29:27,8004,SUCCESS,56209389330,92.71,10,0,1,7,2
556,2023-08-03 06:30:05,8042,SUCCESS,56206251934,92.7,10,0,2,6,2
557,2023-08-03 06:30:08,8045,RUN_CODE_ERROR,None,None,10,0,1,7,2
558,2023-08-03 06:30:09,8046,COMPILE_CODE_ERROR,None,None,10,0,1,6,3
559,2023-08-03 06:30:09,8046,COMPILE_CODE_ERROR,None,None,10,0,1,6,3
560,2023-08-03 06:30:09,8046,COMPILE_CODE_ERROR,None,None,10,0,2,6,2
561,2023-08-03 06:30:10,8047,COMPILE_CODE_ERROR,None,None,10,0,2,6,2
562,2023-08-03 06:30:23,8060,RUN_CODE_ERROR,None,None,10,0,1,7,2
563,2023-08-03 06:31:00,8097,SUCCESS,56228817576,92.74,10,0,1,7,2
564,2023-08-03 06:31:01,8098,COMPILE_CODE_ERROR,None,None,8,0,1,6,1
565,2023-08-03 06:31:39,8136,SUCCESS,56201285872,92.69,8,0,1,6,1
566,2023-08-03 06:32:16,8173,SUCCESS,56256517244,92.79,7,0,1,5,1
567,2023-08-03 06:32:20,8177,RUN_CODE_ERROR,None,None,9,0,1,7,1
568,2023-08-03 06:32:57,8214,SUCCESS,56208771957,92.71,9,0,1,6,2
569,2023-08-03 06:33:35,8252,SUCCESS,56221329256,92.73,7,0,0,6,1
570,2023-08-03 06:34:14,8291,SUCCESS,62932327160,103.8,7,0,1,5,1
571,2023-08-03 06:34:14,8291,COMPILE_CODE_ERROR,None,None,9,0,1,7,1
572,2023-08-03 06:34:52,8329,SUCCESS,56208165561,92.71,7,0,1,5,1
573,2023-08-03 06:35:31,8368,SUCCESS,59874116515,98.75,7,0,1,5,1
574,2023-08-03 06:35:32,8369,COMPILE_CODE_ERROR,None,None,9,0,1,6,2
575,2023-08-03 06:35:35,8372,RUN_CODE_ERROR,None,None,9,0,2,6,1
576,2023-08-03 06:36:13,8410,SUCCESS,56196282447,92.69,9,0,1,7,1
577,2023-08-03 06:36:49,8446,SUCCESS,56209522689,92.71,8,0,0,7,1
578,2023-08-03 06:36:50,8447,COMPILE_CODE_ERROR,None,None,10,0,2,7,1
579,2023-08-03 06:36:53,8450,RUN_CODE_ERROR,None,None,10,0,2,7,1
580,2023-08-03 06:37:33,8490,SUCCESS,59885125761,98.77,8,0,1,6,1
581,2023-08-03 06:38:10,8527,SUCCESS,56209210695,92.71,8,0,1,7,0
582,2023-08-03 06:38:48,8565,SUCCESS,56275801679,92.82,8,0,1,6,1
583,2023-08-03 06:39:35,8612,RUN_TIMEOUT,None,None,10,0,1,8,1
584,2023-08-03 06:39:35,8612,SUCCESS,56201285872,92.69,8,0,1,6,1
585,2023-08-03 06:39:36,8613,COMPILE_CODE_ERROR,None,None,10,0,1,7,2
586,2023-08-03 06:39:36,8613,COMPILE_CODE_ERROR,None,None,10,0,1,7,2
587,2023-08-03 06:39:37,8614,COMPILE_CODE_ERROR,None,None,10,0,1,7,2
588,2023-08-03 06:40:24,8661,RUN_TIMEOUT,None,None,10,0,1,7,2
589,2023-08-03 06:40:24,8661,COMPILE_CODE_ERROR,None,None,10,0,1,8,1
590,2023-08-03 06:40:25,8662,COMPILE_CODE_ERROR,None,None,10,0,2,7,1
591,2023-08-03 06:40:25,8662,COMPILE_CODE_ERROR,None,None,10,0,2,7,1
592,2023-08-03 06:40:26,8663,COMPILE_CODE_ERROR,None,None,10,0,1,7,2
593,2023-08-03 06:41:05,8702,SUCCESS,62920005779,103.78,8,0,1,6,1
594,2023-08-03 06:41:06,8703,COMPILE_CODE_ERROR,None,None,10,0,1,7,2
595,2023-08-03 06:41:06,8703,COMPILE_CODE_ERROR,None,None,10,0,2,7,1
596,2023-08-03 06:41:07,8704,COMPILE_CODE_ERROR,None,None,10,0,1,7,2
597,2023-08-03 06:41:07,8704,COMPILE_CODE_ERROR,None,None,10,0,1,8,1
598,2023-08-03 06:41:07,8704,COMPILE_CODE_ERROR,None,None,10,0,2,7,1
599,2023-08-03 06:41:45,8742,SUCCESS,56198359908,92.69,8,0,1,6,1
600,2023-08-03 06:41:45,8742,COMPILE_CODE_ERROR,None,None,10,0,1,7,2
601,2023-08-03 06:41:46,8743,COMPILE_CODE_ERROR,None,None,10,0,1,7,2
602,2023-08-03 06:42:33,8790,RUN_TIMEOUT,None,None,10,0,1,8,1
603,2023-08-03 06:42:33,8790,COMPILE_CODE_ERROR,None,None,10,0,1,7,2
604,2023-08-03 06:42:37,8794,RUN_CODE_ERROR,None,None,10,0,1,8,1
605,2023-08-03 06:42:37,8794,COMPILE_CODE_ERROR,None,None,10,0,2,7,1
606,2023-08-03 06:42:38,8795,COMPILE_CODE_ERROR,None,None,10,0,2,7,1
607,2023-08-03 06:42:38,8795,COMPILE_CODE_ERROR,None,None,10,0,2,7,1
608,2023-08-03 06:43:25,8842,RUN_TIMEOUT,None,None,10,0,1,8,1
609,2023-08-03 06:43:26,8843,COMPILE_CODE_ERROR,None,None,10,0,1,7,2
610,2023-08-03 06:44:04,8881,SUCCESS,56207265357,92.7,10,0,1,8,1
611,2023-08-03 06:44:41,8918,SUCCESS,56214609939,92.72,10,0,2,7,1
612,2023-08-03 06:45:18,8955,SUCCESS,56203521984,92.7,8,0,1,6,1
613,2023-08-03 06:45:55,8992,SUCCESS,56267273725,92.8,8,0,1,6,1
614,2023-08-03 06:46:34,9031,SUCCESS,56232553809,92.75,10,0,2,7,1
615,2023-08-03 06:46:34,9031,COMPILE_CODE_ERROR,None,None,10,0,2,7,1
616,2023-08-03 06:46:34,9031,COMPILE_CODE_ERROR,None,None,10,0,2,7,1
617,2023-08-03 06:46:35,9032,COMPILE_CODE_ERROR,None,None,10,0,1,7,2
618,2023-08-03 06:46:38,9035,RUN_CODE_ERROR,None,None,10,0,1,8,1
619,2023-08-03 06:47:16,9073,SUCCESS,56195726352,92.69,10,0,1,8,1
620,2023-08-03 06:47:53,9110,SUCCESS,56202199768,92.7,11,0,1,8,2
621,2023-08-03 06:47:54,9111,COMPILE_CODE_ERROR,None,None,11,0,2,8,1
622,2023-08-03 06:48:32,9149,SUCCESS,56216355580,92.72,9,0,1,7,1
623,2023-08-03 06:49:09,9186,SUCCESS,56206523813,92.7,11,0,1,9,1
624,2023-08-03 06:49:12,9189,RUN_CODE_ERROR,None,None,11,0,2,8,1
625,2023-08-03 06:49:13,9190,COMPILE_CODE_ERROR,None,None,11,0,1,8,2
626,2023-08-03 06:50:00,9237,RUN_TIMEOUT,None,None,11,0,1,9,1
627,2023-08-03 06:50:00,9237,SUCCESS,56195726352,92.69,11,0,1,9,1
628,2023-08-03 06:50:00,9237,COMPILE_CODE_ERROR,None,None,12,0,2,9,1
629,2023-08-03 06:50:38,9275,SUCCESS,56202310808,92.7,10,0,1,8,1
630,2023-08-03 06:50:38,9275,SUCCESS,56216355580,92.72,10,0,1,8,1
631,2023-08-03 06:51:16,9313,SUCCESS,56197521453,92.69,10,0,1,8,1
632,2023-08-03 06:51:56,9353,SUCCESS,59857932340,98.73,10,0,1,8,1
633,2023-08-03 06:51:56,9353,SUCCESS,56195726352,92.69,10,0,1,8,1
634,2023-08-03 06:52:33,9390,SUCCESS,56274301750,92.82,9,0,1,7,1
635,2023-08-03 06:52:33,9390,SUCCESS,56202310808,92.7,9,0,1,7,1
636,2023-08-03 06:52:34,9391,COMPILE_CODE_ERROR,None,None,11,0,1,8,2
637,2023-08-03 06:53:12,9429,SUCCESS,56491234449,93.17,11,0,2,8,1
638,2023-08-03 06:53:50,9467,SUCCESS,56270815498,92.81,9,0,1,7,1
639,2023-08-03 06:53:50,9467,COMPILE_CODE_ERROR,None,None,11,0,2,8,1
640,2023-08-03 06:53:50,9467,COMPILE_CODE_ERROR,None,None,11,0,2,8,1
641,2023-08-03 06:54:30,9507,SUCCESS,59891073542,98.78,9,0,1,7,1
642,2023-08-03 06:54:31,9508,COMPILE_CODE_ERROR,None,None,11,0,1,8,2
643,2023-08-03 06:54:31,9508,COMPILE_CODE_ERROR,None,None,11,0,2,8,1
644,2023-08-03 06:54:31,9508,SUCCESS,56216355580,92.72,9,0,1,7,1
645,2023-08-03 06:55:10,9547,SUCCESS,62928528302,103.79,9,0,1,7,1
646,2023-08-03 06:55:57,9594,RUN_TIMEOUT,None,None,11,0,1,9,1
647,2023-08-03 06:56:01,9598,RUN_CODE_ERROR,None,None,11,0,1,8,2
648,2023-08-03 06:56:01,9598,COMPILE_CODE_ERROR,None,None,11,0,2,8,1
649,2023-08-03 06:56:02,9599,COMPILE_CODE_ERROR,None,None,11,0,2,8,1
650,2023-08-03 06:56:02,9599,COMPILE_CODE_ERROR,None,None,11,0,1,8,2
651,2023-08-03 06:56:02,9599,SUCCESS,56197521453,92.69,9,0,1,7,1
652,2023-08-03 06:56:03,9600,COMPILE_CODE_ERROR,None,None,11,0,1,9,1
653,2023-08-03 06:56:03,9600,COMPILE_CODE_ERROR,None,None,11,0,1,9,1
654,2023-08-03 06:56:50,9647,RUN_TIMEOUT,None,None,11,0,2,8,1
655,2023-08-03 06:57:28,9685,SUCCESS,56224680096,92.73,9,0,0,8,1
656,2023-08-03 06:57:28,9685,RUN_TIMEOUT,None,None,11,0,1,9,1
657,2023-08-03 06:57:31,9688,RUN_CODE_ERROR,None,None,11,0,1,9,1
658,2023-08-03 06:58:18,9735,RUN_TIMEOUT,None,None,11,0,1,9,1
659,2023-08-03 06:58:56,9773,SUCCESS,56189307546,92.67,11,0,1,9,1
660,2023-08-03 06:59:33,9810,SUCCESS,56239015405,92.76,10,0,0,9,1
661,2023-08-03 07:00:05,9842,RUN_CODE_ERROR,None,None,12,0,1,10,1
662,2023-08-03 07:00:05,9842,SUCCESS,56189307546,92.67,10,0,1,9,0
663,2023-08-03 07:00:43,9880,SUCCESS,56294661176,92.85,9,0,1,8,0
664,2023-08-03 07:01:21,9918,SUCCESS,56208305970,92.71,9,0,1,8,0
665,2023-08-03 07:01:21,9918,COMPILE_CODE_ERROR,None,None,11,0,1,9,1
666,2023-08-03 07:01:58,9955,SUCCESS,56184382822,92.67,9,0,1,8,0
667,2023-08-03 07:01:58,9955,SUCCESS,56184382822,92.67,10,0,2,8,0
668,2023-08-03 07:02:36,9993,SUCCESS,56266872690,92.8,9,0,2,7,0
669,2023-08-03 07:02:36,9993,COMPILE_CODE_ERROR,None,None,11,0,3,8,0
670,2023-08-03 07:02:36,9993,SUCCESS,56184382822,92.67,11,0,3,8,0
671,2023-08-03 07:03:14,10031,SUCCESS,56202556058,92.7,12,0,4,8,0
672,2023-08-03 07:03:53,10070,SUCCESS,62940892086,103.81,10,0,3,7,0
673,2023-08-03 07:03:53,10070,SUCCESS,56184382822,92.67,12,0,3,8,1
674,2023-08-03 07:03:53,10070,COMPILE_CODE_ERROR,None,None,13,0,3,8,2
675,2023-08-03 07:03:54,10071,COMPILE_CODE_ERROR,None,None,13,0,4,8,1
676,2023-08-03 07:03:54,10071,COMPILE_CODE_ERROR,None,None,13,0,4,8,1
677,2023-08-03 07:03:54,10071,SUCCESS,56266872690,92.8,11,0,3,7,1
678,2023-08-03 07:03:54,10071,SUCCESS,56184382822,92.67,11,0,2,8,1
679,2023-08-03 07:03:55,10072,COMPILE_CODE_ERROR,None,None,10,0,2,7,1
680,2023-08-03 07:03:55,10072,COMPILE_CODE_ERROR,None,None,12,0,2,8,2
681,2023-08-03 07:03:56,10073,COMPILE_CODE_ERROR,None,None,12,0,2,8,2
682,2023-08-03 07:04:33,10110,SUCCESS,56222601586,92.73,12,0,3,8,1
683,2023-08-03 07:04:33,10110,SUCCESS,56266872690,92.8,10,0,2,7,1
684,2023-08-03 07:04:33,10110,COMPILE_CODE_ERROR,None,None,12,0,2,8,2
685,2023-08-03 07:04:33,10110,SUCCESS,56184382822,92.67,10,0,2,8,0
686,2023-08-03 07:04:33,10110,SUCCESS,56266872690,92.8,9,0,2,7,0
687,2023-08-03 07:04:33,10110,SUCCESS,56184382822,92.67,11,0,3,8,0
688,2023-08-03 07:04:36,10113,RUN_CODE_ERROR,None,None,12,0,4,8,0
689,2023-08-03 07:05:16,10153,SUCCESS,59886324320,98.77,10,0,3,7,0
690,2023-08-03 07:05:16,10153,SUCCESS,56222601586,92.73,12,0,4,8,0
691,2023-08-03 07:05:17,10154,COMPILE_CODE_ERROR,None,None,12,0,4,8,0
692,2023-08-03 07:05:54,10191,SUCCESS,56211542054,92.71,10,0,3,7,0
693,2023-08-03 07:06:31,10228,SUCCESS,56206356565,92.7,12,0,3,9,0
694,2023-08-03 07:06:32,10229,COMPILE_CODE_ERROR,None,None,12,0,3,8,1
695,2023-08-03 07:07:10,10267,SUCCESS,56254767688,92.78,10,0,3,7,0
696,2023-08-03 07:07:10,10267,COMPILE_CODE_ERROR,None,None,12,0,3,9,0
697,2023-08-03 07:07:46,10303,SUCCESS,56213959193,92.72,10,0,3,7,0
698,2023-08-03 07:07:46,10303,SUCCESS,56266872690,92.8,10,0,3,7,0
699,2023-08-03 07:07:46,10303,COMPILE_CODE_ERROR,None,None,12,0,3,8,1
700,2023-08-03 07:08:23,10340,SUCCESS,56233113381,92.75,12,0,4,8,0
701,2023-08-03 07:08:24,10341,COMPILE_CODE_ERROR,None,None,12,0,4,8,0
702,2023-08-03 07:08:24,10341,COMPILE_CODE_ERROR,None,None,12,0,4,8,0
703,2023-08-03 07:08:25,10342,COMPILE_CODE_ERROR,None,None,10,0,2,8,0
704,2023-08-03 07:09:02,10379,SUCCESS,56204522583,92.7,12,0,3,9,0
705,2023-08-03 07:09:02,10379,SUCCESS,56184382822,92.67,10,0,2,8,0
706,2023-08-03 07:09:02,10379,SUCCESS,56184382822,92.67,9,0,1,8,0
707,2023-08-03 07:09:05,10382,RUN_CODE_ERROR,None,None,10,0,1,9,0
708,2023-08-03 07:09:05,10382,SUCCESS,56213959193,92.72,8,0,1,7,0
709,2023-08-03 07:09:05,10382,COMPILE_CODE_ERROR,None,None,10,0,1,8,1
710,2023-08-03 07:09:06,10383,COMPILE_CODE_ERROR,None,None,10,0,2,8,0
711,2023-08-03 07:09:44,10421,SUCCESS,56210023740,92.71,8,0,1,7,0
712,2023-08-03 07:09:47,10424,RUN_CODE_ERROR,None,None,10,0,1,9,0
713,2023-08-03 07:10:26,10463,SUCCESS,56215307041,92.72,10,0,1,8,1
714,2023-08-03 07:10:26,10463,SUCCESS,56266872690,92.8,8,0,1,7,0
715,2023-08-03 07:11:04,10501,SUCCESS,56215518951,92.72,10,0,1,9,0
716,2023-08-03 07:11:44,10541,SUCCESS,59875754087,98.76,8,0,1,7,0
717,2023-08-03 07:12:31,10588,RUN_TIMEOUT,None,None,10,0,1,9,0
718,2023-08-03 07:13:07,10624,SUCCESS,56202225210,92.7,8,0,0,8,0
719,2023-08-03 07:13:07,10624,SUCCESS,56184382822,92.67,10,0,1,9,0
720,2023-08-03 07:13:07,10624,SUCCESS,56184382822,92.67,9,0,1,8,0
721,2023-08-03 07:13:07,10624,SUCCESS,56266872690,92.8,8,0,1,7,0
722,2023-08-03 07:13:08,10625,COMPILE_CODE_ERROR,None,None,10,0,1,8,1
723,2023-08-03 07:13:44,10661,SUCCESS,56213361297,92.71,10,0,1,8,1
724,2023-08-03 07:14:21,10698,SUCCESS,56193884668,92.68,8,0,1,7,0
725,2023-08-03 07:14:24,10701,RUN_CODE_ERROR,None,None,10,0,1,8,1
726,2023-08-03 07:15:01,10738,SUCCESS,56277797190,92.82,8,0,1,7,0
727,2023-08-03 07:15:04,10741,RUN_CODE_ERROR,None,None,10,0,1,9,0
728,2023-08-03 07:15:07,10744,RUN_CODE_ERROR,None,None,10,0,1,8,1
729,2023-08-03 07:15:45,10782,SUCCESS,56227593960,92.74,10,0,1,9,0
730,2023-08-03 07:16:23,10820,SUCCESS,56216953352,92.72,10,0,2,8,0
731,2023-08-03 07:16:23,10820,SUCCESS,56213959193,92.72,8,0,1,7,0
732,2023-08-03 07:17:00,10857,SUCCESS,56333785388,92.91,10,0,1,8,1
733,2023-08-03 07:17:01,10858,COMPILE_CODE_ERROR,None,None,10,0,1,8,1
734,2023-08-03 07:17:01,10858,COMPILE_CODE_ERROR,None,None,10,0,2,8,0
735,2023-08-03 07:17:02,10859,COMPILE_CODE_ERROR,None,None,10,0,2,8,0
736,2023-08-03 07:17:39,10896,SUCCESS,56208272084,92.71,10,0,2,8,0
737,2023-08-03 07:17:39,10896,SUCCESS,56202225210,92.7,8,0,0,8,0
738,2023-08-03 07:17:39,10896,COMPILE_CODE_ERROR,None,None,10,0,1,8,1
739,2023-08-03 07:17:39,10896,COMPILE_CODE_ERROR,None,None,10,0,2,8,0
740,2023-08-03 07:18:16,10933,SUCCESS,56199045485,92.69,10,0,1,8,1
741,2023-08-03 07:18:16,10933,SUCCESS,59875754087,98.76,8,0,1,7,0
742,2023-08-03 07:18:17,10934,SUCCESS,56210023740,92.71,8,0,1,7,0
743,2023-08-03 07:18:55,10972,SUCCESS,62928070062,103.79,8,0,1,7,0
744,2023-08-03 07:19:32,11009,SUCCESS,56211332942,92.71,10,0,2,8,0
745,2023-08-03 07:19:32,11009,COMPILE_CODE_ERROR,None,None,10,0,1,8,1
746,2023-08-03 07:19:33,11010,COMPILE_CODE_ERROR,None,None,10,0,1,9,0
747,2023-08-03 07:19:33,11010,COMPILE_CODE_ERROR,None,None,10,0,1,8,1
748,2023-08-03 07:19:33,11010,SUCCESS,56184382822,92.67,10,0,1,9,0
749,2023-08-03 07:19:34,11011,COMPILE_CODE_ERROR,None,None,11,0,2,9,0
750,2023-08-03 07:20:11,11048,SUCCESS,56203096088,92.7,9,0,1,8,0
751,2023-08-03 07:20:12,11049,COMPILE_CODE_ERROR,None,None,11,0,1,9,1
752,2023-08-03 07:20:12,11049,SUCCESS,56184382822,92.67,9,0,1,8,0
753,2023-08-03 07:20:59,11096,RUN_TIMEOUT,None,None,10,0,1,9,0
754,2023-08-03 07:20:59,11096,SUCCESS,56193884668,92.68,8,0,1,7,0
755,2023-08-03 07:21:46,11143,RUN_TIMEOUT,None,None,10,0,1,9,0
756,2023-08-03 07:21:47,11144,COMPILE_CODE_ERROR,None,None,10,0,2,8,0
757,2023-08-03 07:22:18,11175,RUN_CODE_ERROR,None,None,10,0,1,9,0
758,2023-08-03 07:22:18,11175,SUCCESS,56202225210,92.7,8,0,0,8,0
759,2023-08-03 07:22:57,11214,SUCCESS,62929696543,103.79,8,0,1,7,0
760,2023-08-03 07:22:57,11214,COMPILE_CODE_ERROR,None,None,10,0,1,8,1
761,2023-08-03 07:22:57,11214,COMPILE_CODE_ERROR,None,None,10,0,1,8,1
762,2023-08-03 07:22:58,11215,COMPILE_CODE_ERROR,None,None,10,0,1,8,1
763,2023-08-03 07:22:58,11215,COMPILE_CODE_ERROR,None,None,10,0,1,9,0
764,2023-08-03 07:22:59,11216,COMPILE_CODE_ERROR,None,None,10,0,2,8,0
765,2023-08-03 07:22:59,11216,SUCCESS,59875754087,98.76,8,0,1,7,0
766,2023-08-03 07:23:36,11253,SUCCESS,56273988026,92.81,8,0,1,7,0
767,2023-08-03 07:23:39,11256,RUN_CODE_ERROR,None,None,10,0,1,9,0
768,2023-08-03 07:24:17,11294,SUCCESS,56200637055,92.69,10,0,2,8,0
769,2023-08-03 07:24:20,11297,RUN_CODE_ERROR,None,None,10,0,1,8,1
770,2023-08-03 07:24:20,11297,COMPILE_CODE_ERROR,None,None,10,0,2,8,0
771,2023-08-03 07:24:58,11335,SUCCESS,56236643473,92.75,8,0,1,7,0
